first_name,last_name,sex,phone,email,status
Агата,Белякова,female,+79164876023,kellysmith@gmail.com,bronze
Оксана,Гришина,female,+79891889673,bmyers@yahoo.com,bronze
Тамара,Максимова,female,+79021640131,rick62@yahoo.com,gold
Милица,Русакова,female,+79783412248,nsmith@yahoo.com,silver
Ия,Третьякова,female,+79978482283,nicholas53@hotmail.com,bronze
Любомир,Кондратьев,male,+79624298752,fbrown@cruz.com,bronze
Ян,Некрасов,male,+79268868114,jeffreyjones@branch-vega.org,bronze
Виктория,Сафонова,female,+79699213374,holly59@gmail.com,bronze
Порфирий,Лазарев,male,+79800709499,justinstewart@smith.com,bronze
Алла,Козлова,female,+79633387662,klong@bass.com,silver
Прасковья,Кулагина,female,+79049601932,grahamdwayne@gmail.com,silver
Ангелина,Фролова,female,+79870950907,phillipsjoshua@yahoo.com,silver
Степан,Рожков,male,+79072893871,travisphelps@watson.com,silver
Касьян,Шарапов,male,+79183573110,franciscojohnson@hotmail.com,diamond
Аникей,Петухов,male,+79327194791,wrivera@marshall.org,silver
Николай,Захаров,male,+79045697249,xford@bryant-riddle.net,bronze
Милица,Русакова,female,+79391349795,hudsonjennifer@hudson.biz,bronze
Радислав,Котов,male,+79065960561,peckapril@myers.org,bronze
Любовь,Егорова,female,+79859931638,josephsheena@johnson.com,silver
Роман,Миронов,male,+79686272494,michael02@allen.info,silver
Алла,Беспалова,female,+79864093413,suzanne28@daniels.biz,bronze
Нинель,Борисова,female,+79090667865,jessicabrown@moore.info,bronze
Исай,Голубев,male,+79279380558,taylorgonzales@jacobs.org,bronze
Валентина,Русакова,female,+79029393908,martin24@hotmail.com,bronze
Анастасия,Молчанова,female,+79228848011,rdaniel@yahoo.com,bronze
Панфил,Корнилов,male,+79006188166,larrydavid@welch-scott.biz,bronze
Прасковья,Кулагина,female,+79343060062,elizabeth15@gmail.com,silver
Виктор,Сергеев,male,+79965710338,csmith@harris.com,bronze
Таисия,Турова,female,+79748927533,theresa51@robertson.com,gold
Петр,Федотов,male,+79557478713,ebarajas@ruiz.info,silver
Татьяна,Белова,female,+79082763482,wbass@gmail.com,gold
Викентий,Кабанов,male,+79702771230,pachecotimothy@jones.com,silver
Тамара,Костина,female,+79771393704,lisa12@reyes.com,bronze
Регина,Громова,female,+79133870432,hughesbenjamin@hotmail.com,silver
Лора,Ершова,female,+79297345752,nicholas50@ramirez-savage.org,bronze
Карл,Абрамов,male,+79822207156,ivaldez@yahoo.com,bronze
Юлия,Елисеева,female,+79311427966,boydstephanie@gonzalez-berg.com,bronze
Милица,Фролова,female,+79399759440,iburch@dodson.biz,bronze
Татьяна,Ковалева,female,+79406226864,qdavis@hotmail.com,bronze
Юлия,Захарова,female,+79187123177,susan87@mills-torres.biz,silver
Оксана,Гришина,female,+79949833126,douglas11@yahoo.com,gold
Елена,Дементьева,female,+79963576250,awood@hotmail.com,gold
Мартьян,Гаврилов,male,+79089918727,orobertson@yahoo.com,silver
Демьян,Мамонтов,male,+79853671579,michellesmith@yahoo.com,bronze
Аким,Самсонов,male,+79233111998,maria12@gmail.com,diamond
Наталья,Филатова,female,+79283325622,danielle08@hotmail.com,bronze
Ольга,Большакова,female,+79842630799,lbullock@jensen.biz,gold
Ангелина,Овчинникова,female,+79567140843,gonzalezshannon@williams-moody.com,diamond
Александра,Муравьева,female,+79064045147,lisathompson@yahoo.com,silver
Викторин,Овчинников,male,+79667326964,david82@hotmail.com,gold
Анжелика,Юдина,female,+79185863247,stevensnicholas@hotmail.com,gold
Евстафий,Зуев,male,+79305832102,catherine68@moss.com,bronze
Мариан,Суворов,male,+79003552562,williamsonantonio@woods-adkins.org,bronze
Надежда,Колобова,female,+79793363644,robert18@yahoo.com,silver
Зоя,Ильина,female,+79619565538,brooksjason@cooke.com,gold
Мирон,Гурьев,male,+79464862824,hansenandrew@fernandez.org,silver
Елизавета,Зиновьева,female,+79992246332,rebeccagarcia@webb.com,bronze
Август,Орехов,male,+79107885588,cynthia85@bennett-phillips.net,diamond
Марк,Дроздов,male,+79416080003,crobertson@smith.biz,bronze
Анжелика,Осипова,female,+79817134168,leslie57@robinson.com,silver
Роман,Миронов,male,+79766223535,frenchmary@gmail.com,bronze
Ерофей,Киселев,male,+79235809016,roberto01@yahoo.com,gold
Аристарх,Князев,male,+79500890589,terrelltammy@yahoo.com,bronze
Аполлон,Данилов,male,+79543321815,william07@hotmail.com,silver
Дарья,Белова,female,+79184985710,adam00@hotmail.com,bronze
Корнил,Назаров,male,+79736642188,bellnicholas@barnes.com,silver
Яков,Петров,male,+79289813390,stewartbrian@nguyen.com,silver
Евдоким,Воронов,male,+79088881478,misty42@gmail.com,gold
Прасковья,Исакова,female,+79552735749,corey69@simpson.com,silver
Аполлинарий,Артемьев,male,+79993615961,creynolds@allen-hernandez.com,bronze
Викторин,Маслов,male,+79332774964,clinetammy@smith.org,diamond
Лидия,Фомичева,female,+79169258008,robertfuller@hotmail.com,silver
Фирс,Соколов,male,+79857688077,qhuber@wheeler.com,silver
Григорий,Субботин,male,+79018148989,epierce@yahoo.com,bronze
Пелагея,Пестова,female,+79616229778,pinedaashley@allen.com,bronze
Феврония,Осипова,female,+79429004585,michellestewart@wilson.com,bronze
Глафира,Белоусова,female,+79074619706,christina49@yahoo.com,gold
Парфен,Стрелков,male,+79705680502,tracytaylor@hotmail.com,bronze
Анжела,Лобанова,female,+79615907214,jerry88@moody.com,silver
Элеонора,Шарапова,female,+79332072096,nfrost@yahoo.com,silver
Лидия,Петрова,female,+79882328113,seth57@rodriguez.com,bronze
Таисия,Беляева,female,+79344136324,nsteele@contreras-walters.com,bronze
Зоя,Тетерина,female,+79533735609,jasminelove@conner.com,gold
Владлен,Филиппов,male,+79519883546,diana30@gray.com,bronze
Касьян,Жданов,male,+79686643009,paul73@gmail.com,diamond
Эмилия,Турова,female,+79811246697,brenda17@brown.net,silver
Елизавета,Орехова,female,+79497857635,scochran@hotmail.com,silver
Вероника,Шарова,female,+79449723375,sharontucker@johnson.info,bronze
Василиса,Уварова,female,+79129134477,william94@yahoo.com,silver
Игнатий,Ильин,male,+79183856282,angela41@gonzales.com,bronze
Ираида,Власова,female,+79129482872,dgregory@gmail.com,bronze
Фёкла,Князева,female,+79561425026,tamarareese@gmail.com,bronze
Кузьма,Авдеев,male,+79747247403,coffeyrhonda@tate.info,silver
Евфросиния,Семенова,female,+79249495275,hhernandez@hotmail.com,silver
Варвара,Калашникова,female,+79331952517,pwalker@clark-wood.com,bronze
Вера,Рябова,female,+79442311763,sylviacarter@sandoval.info,bronze
Мария,Доронина,female,+79136434459,kelseybailey@francis-bailey.com,silver
Любовь,Афанасьева,female,+79649164608,tyrone47@ryan-adams.com,silver
Виктор,Третьяков,male,+79713626349,graydesiree@newman.biz,silver
София,Абрамова,female,+79876849047,ojones@yahoo.com,diamond
Тарас,Панфилов,male,+79518013607,joshuaparsons@yahoo.com,bronze
Лидия,Корнилова,female,+79158057721,danielletran@morris-holmes.biz,silver
Викентий,Кабанов,male,+79809450733,stephanie42@gmail.com,bronze
Жанна,Кузьмина,female,+79569821612,rhale@morris.info,gold
Ипат,Медведев,male,+79783216546,zmorales@gmail.com,silver
Анжела,Лобанова,female,+79430905527,tinastewart@gmail.com,silver
Марфа,Гущина,female,+79898664822,ashley50@white.com,silver
Юлия,Боброва,female,+79574665362,michaelparker@gmail.com,silver
Мариан,Суворов,male,+79901915365,brianna47@hotmail.com,silver
Куприян,Исаев,male,+79962301920,goldendeanna@sutton.org,bronze
Глафира,Дроздова,female,+79107022607,ricardofarrell@gmail.com,bronze
Автоном,Князев,male,+79828278142,whitetina@brown.com,bronze
Ираклий,Русаков,male,+79685256169,michaelliu@smith-ortiz.info,silver
Митофан,Кононов,male,+79183169025,michaelrodriguez@hotmail.com,bronze
Никанор,Исаев,male,+79787518694,ramirezsandra@hotmail.com,gold
Василий,Костин,male,+79302917432,carlosbond@hotmail.com,gold
Варвара,Елисеева,female,+79137243574,kelly94@gibson-davis.com,bronze
Стоян,Виноградов,male,+79896793262,sjenkins@ruiz.info,bronze
Тамара,Костина,female,+79780204927,johnsonkelly@butler.biz,silver
Виталий,Тетерин,male,+79231437641,lmoore@hotmail.com,bronze
Оксана,Кононова,female,+79403485559,jeremy29@hotmail.com,bronze
Мирон,Тетерин,male,+79906570962,stephanierogers@richardson.com,bronze
Любовь,Мартынова,female,+79765000200,asmith@byrd.net,bronze
Марфа,Ефимова,female,+79472353560,cowandonald@simon-nguyen.com,silver
Юлия,Елисеева,female,+79847311983,csmith@vega-wallace.com,bronze
Тимур,Егоров,male,+79080134177,lmartinez@castro-alexander.com,silver
Лонгин,Воронцов,male,+79539855709,edwardgay@peterson.com,diamond
Лаврентий,Вишняков,male,+79724976670,jaclyncardenas@hotmail.com,bronze
Ангелина,Архипова,female,+79432222921,uharrison@yahoo.com,bronze
Раиса,Яковлева,female,+79565232776,brandonblake@jensen.info,silver
Наина,Архипова,female,+79651373033,uhernandez@curtis-saunders.com,bronze
Любовь,Моисеева,female,+79626866132,jonathanbennett@shelton-greene.com,gold
Тамара,Миронова,female,+79947981031,obrandt@torres.com,silver
Арефий,Кулаков,male,+79339469550,nicholasstewart@smith.com,bronze
Лариса,Козлова,female,+79510705368,torresjennifer@hodges-kelly.org,bronze
Оксана,Лобанова,female,+79939432887,martinezmiguel@gmail.com,silver
Майя,Панова,female,+79192348350,briangood@jones.com,silver
Зинаида,Беспалова,female,+79967234926,tdavis@pham.org,bronze
Светлана,Родионова,female,+79150931043,pettymichele@boyd-cruz.biz,bronze
Парфен,Туров,male,+79518964368,jill03@gmail.com,gold
Нинель,Борисова,female,+79411266080,tim61@yahoo.com,bronze
Куприян,Исаев,male,+79941028267,stacy14@martin.com,bronze
Милий,Кулагин,male,+79260554731,michaelpope@hotmail.com,bronze
Назар,Александров,male,+79291337574,shaun14@yahoo.com,bronze
Осип,Комиссаров,male,+79761340823,aliciarogers@yahoo.com,bronze
Евдоким,Богданов,male,+79632696366,pjohnson@cooper.net,gold
Юлия,Воронцова,female,+79028355945,traci67@hotmail.com,diamond
Александра,Орлова,female,+79412873120,glyons@gmail.com,silver
Изяслав,Егоров,male,+79780464552,randolphwilliam@yahoo.com,silver
Алексей,Белоусов,male,+79652871261,lori05@yahoo.com,bronze
Никифор,Рыбаков,male,+79254992534,jeffrey14@gmail.com,silver
Ермил,Андреев,male,+79786015812,tsanchez@hotmail.com,silver
Руслан,Попов,male,+79734737950,millerjared@gonzales.com,gold
Радислав,Лебедев,male,+79100188111,debbie10@english.com,bronze
Карл,Анисимов,male,+79593275449,dennisyork@patterson.biz,silver
Терентий,Крюков,male,+79266552355,cgreer@wong.com,silver
Людмила,Кабанова,female,+79178711432,davisjeffery@bennett-pope.com,silver
Евфросиния,Кондратьева,female,+79562677669,jesse69@brown.org,bronze
Ангелина,Ершова,female,+79516714755,uhoffman@vaughn.org,gold
Ксения,Дьячкова,female,+79793217457,beverlydunn@hernandez.com,silver
Ульяна,Белоусова,female,+79333176473,zhogan@buckley.com,bronze
Ангелина,Ершова,female,+79414609398,taylorchristina@williams.biz,diamond
Алина,Дорофеева,female,+79682212752,russelldarren@holmes-coleman.info,silver
Данила,Борисов,male,+79060466233,alex66@yahoo.com,bronze
Светозар,Лазарев,male,+79854291274,richardjeremiah@gmail.com,bronze
Алевтина,Игнатьева,female,+79723950192,steven43@hotmail.com,bronze
Анжелика,Лобанова,female,+79465931484,charles42@mckinney-sanders.biz,bronze
Лукьян,Попов,male,+79394004904,wgreen@gmail.com,gold
Куприян,Исаев,male,+79891737028,vsullivan@miller-flores.com,bronze
Олимпий,Куликов,male,+79632486976,cody78@hall.biz,bronze
Трифон,Пономарев,male,+79309274608,donramos@hotmail.com,bronze
Пантелеймон,Федоров,male,+79708191817,joseph75@gmail.com,bronze
Эмилия,Одинцова,female,+79998529561,charles82@morrison.biz,bronze
Алевтина,Игнатьева,female,+79652139455,haydenandrews@yahoo.com,silver
Любим,Титов,male,+79586785826,sandra38@bell.com,gold
Макар,Михеев,male,+79067374860,imckinney@hamilton-hurst.biz,bronze
Лев,Агафонов,male,+79578318206,iancoleman@hotmail.com,gold
Тимофей,Рябов,male,+79910130756,mchristensen@white.com,bronze
Иларион,Самойлов,male,+79092015522,arthurschroeder@gmail.com,silver
Светлана,Родионова,female,+79783991828,frenchscott@hotmail.com,bronze
Нинель,Борисова,female,+79117491150,colonamy@powell.com,diamond
Ирина,Трофимова,female,+79643684757,roberthenry@moss.org,gold
Нонна,Красильникова,female,+79081086648,elliottanna@sanchez-conley.org,bronze
Родион,Панфилов,male,+79563159652,ortizjennifer@sanders.org,bronze
Лариса,Тимофеева,female,+79730405787,keithoconnell@hotmail.com,gold
Виссарион,Селезнев,male,+79914231195,barbermichelle@hotmail.com,bronze
Алла,Козлова,female,+79562420552,jeremybond@hotmail.com,bronze
Кузьма,Потапов,male,+79808126076,jenna42@yahoo.com,diamond
Панкрат,Исаков,male,+79752718852,scott63@king-hayes.com,bronze
Вероника,Соколова,female,+79529946131,davidmassey@harris.com,silver
Ким,Красильников,male,+79255643234,andrew80@raymond.com,silver
Варлаам,Селезнев,male,+79967879966,melanie44@hotmail.com,silver
Андроник,Зуев,male,+79541004663,roblesmichele@hotmail.com,bronze
Ювеналий,Никифоров,male,+79977572190,ronaldfisher@romero-holmes.com,bronze
Демьян,Мамонтов,male,+79613322198,donna27@gmail.com,bronze
Денис,Воронцов,male,+79788276968,brandoncarney@lane-huff.com,bronze
Руслан,Исаев,male,+79370876692,petersondavid@gmail.com,bronze
Марфа,Рогова,female,+79053553392,nicole26@hotmail.com,bronze
Глафира,Анисимова,female,+79168565504,pkirk@west.com,diamond
Степан,Потапов,male,+79026079743,meyerspeter@jenkins-luna.org,silver
Марфа,Гущина,female,+79680235267,dflores@reynolds.com,silver
Лора,Денисова,female,+79806591296,keithpatricia@yahoo.com,bronze
Остромир,Мартынов,male,+79163629100,jessica81@gmail.com,bronze
Пелагея,Полякова,female,+79219975209,franciscojohnson@hotmail.com,bronze
Юлия,Цветкова,female,+79291429496,zford@gmail.com,diamond
Нинель,Крылова,female,+79135133038,eprice@sweeney.com,gold
Евпраксия,Комарова,female,+79632716906,steven04@gmail.com,silver
Мария,Галкина,female,+79404115031,juanwallace@hotmail.com,bronze
Милен,Зайцев,male,+79428506193,dominiquecarlson@yahoo.com,bronze
Степан,Рожков,male,+79447079546,lisacook@martin.net,silver
Татьяна,Галкина,female,+79082775090,adamthomas@morrison.biz,silver
Савелий,Князев,male,+79169200205,hansonjames@reyes.org,silver
Кондратий,Титов,male,+79915388595,oholder@gordon.com,bronze
Агафья,Ларионова,female,+79418279904,rosariomichele@wheeler.com,silver
Мария,Гаврилова,female,+79337624029,rickychang@mccoy.com,bronze
Нонна,Красильникова,female,+79050009272,ubarr@yahoo.com,gold
Нинель,Носова,female,+79957039668,hinesangela@gmail.com,bronze
Авдей,Савин,male,+79498010756,waynejones@lewis.org,bronze
Оксана,Лобанова,female,+79936149117,matthew02@hotmail.com,bronze
Ия,Фомина,female,+79532054910,brittanyhall@cain-myers.com,silver
Валерия,Гусева,female,+79074296820,christina39@yahoo.com,silver
Боян,Сидоров,male,+79888584828,pbarker@gmail.com,bronze
Валентина,Русакова,female,+79471007929,bpeterson@werner.org,bronze
Агата,Князева,female,+79277539515,kdiaz@gmail.com,bronze
Виталий,Тетерин,male,+79627370207,jennifer83@young-garrett.biz,diamond
Лазарь,Шашков,male,+79449891167,kiara68@walton-mitchell.com,diamond
Панфил,Корнилов,male,+79300756983,briancunningham@nash-perez.com,gold
Марфа,Муравьева,female,+79283879456,dmaldonado@mitchell.com,gold
Ия,Фомина,female,+79701734803,dtodd@yahoo.com,bronze
Леонтий,Петухов,male,+79113269077,lewislee@hotmail.com,bronze
Клавдия,Владимирова,female,+79736093143,lnichols@hotmail.com,bronze
Пелагея,Семенова,female,+79358172173,scottaguirre@yahoo.com,bronze
Ермил,Андреев,male,+79451390609,liucarla@gmail.com,diamond
Зинаида,Беспалова,female,+79267795734,grahamcristina@anderson-luna.com,bronze
Александра,Павлова,female,+79283184648,holsen@gmail.com,silver
Спартак,Молчанов,male,+79673263854,probinson@yahoo.com,silver
Авдей,Михайлов,male,+79685755841,tiffany24@tate-gonzales.com,bronze
Аристарх,Дроздов,male,+79685296823,victoriaturner@greene-sanchez.info,bronze
Элеонора,Моисеева,female,+79063479796,jacobfloyd@hotmail.com,bronze
Анастасия,Степанова,female,+79133853127,bcampbell@yahoo.com,silver
Панкрат,Исаков,male,+79316928829,monique03@howard.com,bronze
Исидор,Сысоев,male,+79160242054,katherine11@wilson.com,bronze
Данила,Котов,male,+79986652788,ikelley@gmail.com,bronze
Клавдия,Владимирова,female,+79606351244,cunninghamjohn@quinn.com,silver
Клавдия,Сидорова,female,+79677818466,thomasknight@bush-wilson.com,bronze
Валентин,Смирнов,male,+79819307518,kathryn36@hotmail.com,bronze
Нестор,Селиверстов,male,+79108831790,kellyrojas@gmail.com,bronze
Евгения,Князева,female,+79958506411,nicolehernandez@lynn.com,bronze
Филимон,Королев,male,+79753682299,esnow@greer.org,diamond
Епифан,Агафонов,male,+79546398476,joel98@santiago.info,bronze
Милан,Анисимов,male,+79617107269,zimmermancynthia@jackson-campbell.net,bronze
Григорий,Дементьев,male,+79646238544,melissaperry@yahoo.com,bronze
Аристарх,Князев,male,+79898316744,oharris@miller.com,bronze
Боян,Сидоров,male,+79340124121,daisyalvarado@smith.info,silver
Митофан,Кононов,male,+79028954198,hsmith@yahoo.com,bronze
Никифор,Рыбаков,male,+79147519618,harrisholly@lopez.com,bronze
Ярослав,Федотов,male,+79636639068,blevine@gmail.com,bronze
Митофан,Голубев,male,+79368232907,valeriegarcia@hotmail.com,bronze
Мечислав,Большаков,male,+79464673497,francis19@yahoo.com,gold
Елизавета,Орехова,female,+79164723224,dharris@yahoo.com,silver
Милан,Анисимов,male,+79961844252,roger56@gonzales.com,gold
Милица,Белоусова,female,+79324817205,westholly@hotmail.com,gold
Влас,Егоров,male,+79258637456,jacksonbrenda@yahoo.com,gold
Павел,Сорокин,male,+79056593093,juanallison@gmail.com,bronze
Галина,Владимирова,female,+79796366875,jenniferdeleon@pratt.com,bronze
Варвара,Капустина,female,+79752866183,xvaughn@yahoo.com,bronze
Нонна,Красильникова,female,+79403372150,william56@johnson-murphy.info,bronze
Вероника,Рогова,female,+79136746784,eali@wright.com,bronze
Алла,Беспалова,female,+79203808557,jasonherrera@hotmail.com,silver
Прасковья,Исакова,female,+79905993559,thomasjessica@hotmail.com,bronze
Марк,Дроздов,male,+79869559131,millerkathryn@hotmail.com,bronze
Надежда,Ситникова,female,+79494346234,brooke32@hotmail.com,bronze
Полина,Орлова,female,+79683126957,gaykaren@gmail.com,silver
Устин,Фокин,male,+79640860769,kdiaz@gmail.com,bronze
Будимир,Иванов,male,+79136288247,jhendricks@hotmail.com,bronze
Аггей,Корнилов,male,+79054992235,howemike@meyer.org,bronze
Лора,Костина,female,+79865539696,hesterpaul@gmail.com,silver
Мстислав,Тетерин,male,+79610876985,michael75@gmail.com,silver
Мария,Галкина,female,+79966775315,groberts@roy.com,bronze
Алина,Сысоева,female,+79136168767,scraig@yahoo.com,silver
Анна,Ширяева,female,+79256483561,wgordon@yahoo.com,bronze
Аким,Самсонов,male,+79443779747,rachelgarza@steele.com,silver
Наталья,Гуляева,female,+79801667185,brenda74@gmail.com,bronze
Агафья,Рогова,female,+79369807434,ethan35@jackson.com,bronze
Ипат,Медведев,male,+79937726974,glenn17@gmail.com,gold
Велимир,Филатов,male,+79798127469,olsonthomas@yahoo.com,silver
Марина,Герасимова,female,+79823984684,tracywilson@nash.org,gold
Терентий,Некрасов,male,+79236488312,hillsarah@thomas.net,silver
Виктор,Третьяков,male,+79310050801,matthewsdonald@kim.com,silver
Касьян,Кузнецов,male,+79083231767,hannah48@castro.org,silver
Наина,Фадеева,female,+79342662017,mclaughlinjennifer@harmon-brown.com,silver
Таисия,Карпова,female,+79621969643,emmawebster@yahoo.com,silver
Анна,Ширяева,female,+79488611659,nancyevans@yahoo.com,silver
Касьян,Жданов,male,+79778388902,mjohnson@diaz.net,silver
Амос,Абрамов,male,+79267547214,gonzalezgeorge@wong.com,silver
Антонина,Русакова,female,+79282258988,jasonjefferson@reynolds.info,silver
Владлен,Воронцов,male,+79099762781,michael22@gmail.com,diamond
Сила,Харитонов,male,+79483054284,murphydawn@allen.com,gold
Куприян,Константинов,male,+79460905690,lbrown@yahoo.com,silver
Агафья,Лапина,female,+79910988007,robert19@yahoo.com,silver
Симон,Горбунов,male,+79949134184,travismegan@hotmail.com,gold
Ираклий,Русаков,male,+79325008846,npeterson@yahoo.com,silver
Вероника,Кабанова,female,+79679308576,tmarsh@obrien-sanders.com,silver
Осип,Быков,male,+79471523144,millstanya@hotmail.com,bronze
Август,Куликов,male,+79330442093,alexis64@diaz.com,bronze
Виталий,Самсонов,male,+79621409617,holmesjessica@yahoo.com,bronze
Захар,Шубин,male,+79803897919,angela94@martinez-houston.com,silver
Юлия,Захарова,female,+79226035955,carolynlucas@gmail.com,gold
Куприян,Константинов,male,+79831869285,elizabethbailey@dunn.com,silver
Регина,Гусева,female,+79899105038,elizabeth94@yahoo.com,bronze
Маргарита,Мясникова,female,+79635983080,beverly94@williams.com,bronze
Антонин,Фролов,male,+79713829237,yorkolivia@jimenez-mcbride.info,gold
Алла,Гурьева,female,+79832646753,jayingram@hotmail.com,gold
Екатерина,Соболева,female,+79996654923,kgreen@hotmail.com,bronze
Леонид,Шубин,male,+79036933634,jennifer14@gmail.com,bronze
Евфросиния,Семенова,female,+79613112812,olsonbrandon@mcintyre-vazquez.org,bronze
Валентин,Маслов,male,+79970953427,campbellstefanie@jones.com,bronze
Макар,Лобанов,male,+79369281110,qcosta@yahoo.com,bronze
Юлий,Федотов,male,+79473607235,irichardson@gmail.com,bronze
Светлана,Доронина,female,+79965233375,schaeferjeffery@bauer.com,bronze
Климент,Виноградов,male,+79862546167,marylowe@sanders.com,silver
Ольга,Дорофеева,female,+79327094800,christian99@gmail.com,bronze
Спартак,Молчанов,male,+79633788471,roger50@gmail.com,diamond
Мария,Гаврилова,female,+79969796293,williamskevin@yahoo.com,bronze
Александра,Муравьева,female,+79913094680,jeffreybrown@chapman.com,silver
Василиса,Гущина,female,+79254801408,johncruz@hotmail.com,bronze
Фома,Белозеров,male,+79702541635,cruzrobert@hampton.com,gold
Виктор,Галкин,male,+79800146621,wrightdaniel@long.com,bronze
Яков,Петров,male,+79527687703,william99@yahoo.com,bronze
Ангелина,Родионова,female,+79899891595,shannon09@allison.com,gold
Наталья,Кудряшова,female,+79161155272,mbuck@wong.com,gold
Стоян,Виноградов,male,+79169336452,linda99@baker.org,silver
Антонина,Аксенова,female,+79894635364,fallen@henry.com,silver
Милица,Мельникова,female,+79967675246,bakerkayla@cunningham.biz,silver
Октябрина,Савельева,female,+79388922024,joshua30@gmail.com,silver
Наталья,Филатова,female,+79791917746,sfreeman@gmail.com,silver
Назар,Александров,male,+79508057926,brownjacqueline@mcbride-miller.com,silver
Тамара,Голубева,female,+79933332600,glenn89@brown.biz,silver
Полина,Аксенова,female,+79120387202,athompson@yahoo.com,bronze
Викентий,Кабанов,male,+79308638068,hailey01@thomas-diaz.com,diamond
Тимофей,Рябов,male,+79596483496,tward@smith-robertson.com,silver
Антонин,Фролов,male,+79988085843,donnasmith@gmail.com,bronze
Евдоким,Воронов,male,+79678708806,millernatalie@levy.biz,silver
Агафья,Белозерова,female,+79501901880,dbraun@wilson.com,gold
Захар,Шубин,male,+79603468709,thomassmith@yahoo.com,silver
Антонина,Русакова,female,+79699887887,carneymelissa@evans-lowe.info,silver
Ия,Горшкова,female,+79357426751,ochoajeffrey@maldonado.com,bronze
Любовь,Егорова,female,+79606784232,billycook@hall.com,bronze
Прасковья,Самойлова,female,+79624567493,nrichards@snyder.org,diamond
Владислав,Белозеров,male,+79440011779,ethan31@terrell-white.info,gold
Иванна,Алексеева,female,+79244279869,daryl95@yahoo.com,bronze
Гедеон,Морозов,male,+79100894210,george31@gmail.com,bronze
Анастасия,Петрова,female,+79505973976,amyalexander@thornton.net,diamond
Наталья,Щербакова,female,+79665882152,nicholsmark@hotmail.com,diamond
Максимильян,Носков,male,+79239751319,janicejones@gmail.com,silver
Вероника,Соколова,female,+79508811716,brookschristopher@yahoo.com,bronze
Лукьян,Попов,male,+79377032717,ijackson@yahoo.com,bronze
Глафира,Анисимова,female,+79798796426,clarknicole@howard.org,silver
Ярослав,Шилов,male,+79450008399,bhernandez@boyd.com,silver
Пелагея,Сидорова,female,+79845387909,stephaniestark@hotmail.com,bronze
Алла,Блинова,female,+79387037656,crystalsanders@yahoo.com,silver
Милий,Русаков,male,+79734599058,halecaitlin@frey-ferguson.info,silver
Ираида,Захарова,female,+79042978794,griffintony@small.com,bronze
Никандр,Карпов,male,+79164792727,englishhenry@watts-anderson.com,silver
Геннадий,Титов,male,+79899787018,randall42@strong.com,gold
Антонина,Русакова,female,+79711744079,curtisyoder@bryant.info,silver
Нонна,Дроздова,female,+79993489792,alyssanguyen@weiss.info,gold
Ювеналий,Попов,male,+79058050859,vnash@hotmail.com,gold
Данила,Котов,male,+79753321232,haley76@gmail.com,gold
Марфа,Рогова,female,+79490445021,mitchelldavid@hotmail.com,silver
Лариса,Орлова,female,+79703344787,kathleen93@yahoo.com,bronze
Ирина,Трофимова,female,+79945189156,kathleen55@gmail.com,bronze
Мефодий,Михеев,male,+79084706461,gravestammy@hotmail.com,gold
Лидия,Сорокина,female,+79097613952,samanthagrant@yahoo.com,bronze
Георгий,Герасимов,male,+79944654160,rollinssandra@hotmail.com,silver
Светозар,Лазарев,male,+79511584567,debra10@gmail.com,silver
Любовь,Давыдова,female,+79371884195,austin18@gmail.com,silver
Осип,Капустин,male,+79042752511,woodtracey@hotmail.com,gold
Милан,Антонов,male,+79475123642,carolynguzman@yahoo.com,gold
Павел,Русаков,male,+79465742534,theresa83@hotmail.com,bronze
Натан,Ильин,male,+79693430964,jamesbailey@larsen.com,silver
Георгий,Миронов,male,+79048904366,nicholas40@sanders-cameron.com,gold
Парфен,Емельянов,male,+79111582385,stephencarter@miranda.info,diamond
Дарья,Рыбакова,female,+79884027984,jonesfelicia@bartlett.net,silver
Елизавета,Большакова,female,+79929696810,carolkent@yahoo.com,silver
Алевтина,Анисимова,female,+79270037550,bradrussell@johnson.info,silver
Валерия,Афанасьева,female,+79063396892,ucollins@hotmail.com,gold
Полина,Аксенова,female,+79460047570,larsonkarina@morgan.com,silver
Олимпий,Куликов,male,+79407249482,contreraschristine@yahoo.com,gold
Тарас,Бобров,male,+79810182758,ubrock@walker.org,bronze
Мечислав,Горбунов,male,+79254716966,elopez@hotmail.com,silver
Екатерина,Лыткина,female,+79337596711,bentleyjacob@allen.com,gold
Глафира,Носкова,female,+79337174993,zfriedman@adams-weeks.org,bronze
Анастасия,Цветкова,female,+79952517946,kimberly23@gmail.com,gold
Жанна,Мишина,female,+79689320840,dwilliams@gmail.com,diamond
Виктор,Галкин,male,+79040067875,anthony43@miller-martin.org,silver
Ксения,Доронина,female,+79219876498,mfrazier@wheeler-jackson.biz,bronze
Анисим,Ефремов,male,+79778284063,lauren57@haynes.org,gold
Мстислав,Сидоров,male,+79565016492,zhurley@weber-marshall.com,silver
Карл,Туров,male,+79761748946,darroyo@gmail.com,silver
Мефодий,Михеев,male,+79111004178,williamsraymond@browning-lewis.com,gold
Флорентин,Егоров,male,+79636510060,gabriellesmith@gmail.com,gold
Оксана,Гришина,female,+79746111008,chelsea25@garner.com,bronze
Пелагея,Григорьева,female,+79272339753,rhill@gmail.com,diamond
Валентина,Русакова,female,+79925603922,colleen94@hotmail.com,gold
Тамара,Голубева,female,+79750728258,khanemma@yahoo.com,gold
Виктория,Сафонова,female,+79145232635,sandrabrown@yahoo.com,gold
Ульян,Семенов,male,+79212392852,andrea74@davidson.net,silver
Пантелеймон,Зайцев,male,+79223424009,autumnmatthews@elliott-perez.net,silver
Екатерина,Александрова,female,+79136411440,bennettbradley@marks.org,bronze
Светозар,Лазарев,male,+79562773496,xhubbard@gmail.com,diamond
Амвросий,Евсеев,male,+79233914342,marc69@williams.biz,bronze
Леон,Горбачев,male,+79877533940,john83@gmail.com,silver
Аким,Самсонов,male,+79043303648,torresalicia@yahoo.com,gold
Лора,Ершова,female,+79013452137,martinpollard@hotmail.com,gold
Константин,Яковлев,male,+79867970311,oreynolds@gmail.com,diamond
Пантелеймон,Зайцев,male,+79868193171,reedricky@gmail.com,gold
Любовь,Доронина,female,+79775076441,caldwelltammy@yahoo.com,silver
Варвара,Гурьева,female,+79197597270,patrick90@gray.com,bronze
Октябрина,Казакова,female,+79034417615,shall@hotmail.com,gold
Нина,Васильева,female,+79291584765,moralesscott@yahoo.com,bronze
Куприян,Константинов,male,+79066220529,mccallandrew@yahoo.com,bronze
Василий,Костин,male,+79344336257,kwagner@hotmail.com,silver
Борис,Коновалов,male,+79580106084,kevin38@fisher.com,bronze
Светлана,Родионова,female,+79848918441,pmoore@yahoo.com,gold
Полина,Аксенова,female,+79783582842,wilsonjennifer@white.com,gold
Евлампий,Куликов,male,+79678038891,cbutler@hotmail.com,bronze
Автоном,Князев,male,+79334203072,thomascooley@hotmail.com,gold
Роман,Миронов,male,+79160585251,oharris@stafford-price.info,gold
Вероника,Панова,female,+79001178134,ywise@yahoo.com,silver
Андрон,Ермаков,male,+79002312360,micheal19@yahoo.com,silver
Игорь,Степанов,male,+79638662414,linda32@hotmail.com,silver
Анжела,Фомичева,female,+79272175667,fsellers@ortiz-garcia.com,silver
Радислав,Шилов,male,+79727164189,charles94@gmail.com,silver
Август,Вишняков,male,+79643576320,richardpowers@miranda.net,bronze
Фока,Красильников,male,+79075364514,bbrooks@yahoo.com,silver
Жанна,Уварова,female,+79459971563,wflores@gmail.com,silver
Надежда,Колобова,female,+79395968920,mtaylor@maxwell.net,bronze
Панкратий,Тарасов,male,+79473106630,hansengarrett@morales-hernandez.com,bronze
Элеонора,Фадеева,female,+79536117351,theresa86@mcdonald-terry.biz,silver
Леон,Тихонов,male,+79996831369,kathylong@holmes-ellis.net,silver
Осип,Быков,male,+79938824574,taylorkenneth@yahoo.com,diamond
Феврония,Семенова,female,+79530959587,patricia20@yahoo.com,bronze
Любомир,Кондратьев,male,+79882602277,davidweeks@jordan-bennett.com,bronze
Полина,Быкова,female,+79431170507,brianmalone@yahoo.com,bronze
Светозар,Лазарев,male,+79558213643,catherine28@yahoo.com,silver
Вероника,Шарова,female,+79886197955,pzimmerman@garcia.com,gold
Трофим,Рожков,male,+79428960201,morganmartinez@gmail.com,bronze
Лидия,Журавлева,female,+79005859386,joseph01@jenkins.com,bronze
Людмила,Суворова,female,+79204776571,brittneybaker@waller-gallegos.com,bronze
Адриан,Власов,male,+79226473428,dhawkins@hughes.com,bronze
Аполлинарий,Дмитриев,male,+79381027603,sara60@berg.biz,gold
Евпраксия,Рыбакова,female,+79144675640,guerreroneil@simpson.org,bronze
Вениамин,Жданов,male,+79945810489,figueroawilliam@matthews.com,bronze
Ия,Третьякова,female,+79815089018,suzanne45@gmail.com,bronze
Наркис,Хохлов,male,+79176614624,margaretchavez@gmail.com,bronze
Ольга,Тихонова,female,+79071253528,katherinerogers@gmail.com,diamond
Эрнст,Киселев,male,+79984607584,elizabethsmith@hotmail.com,silver
Фаина,Орехова,female,+79089981608,dsawyer@vazquez-silva.biz,diamond
Авксентий,Денисов,male,+79275435748,jennifer85@macias.com,silver
Глафира,Дроздова,female,+79552646555,michaelgoodman@powers.com,bronze
Владлен,Филиппов,male,+79927632463,cherylkirk@wallace.com,silver
Демьян,Потапов,male,+79775440970,ashleyguerrero@simpson.info,bronze
Глафира,Романова,female,+79254481629,evanswillie@nelson-gonzalez.com,bronze
Таисия,Беляева,female,+79988746455,fitzpatrickmike@spencer.biz,bronze
Галина,Куликова,female,+79493790175,egaines@becker.biz,bronze
Владислав,Белозеров,male,+79417625393,joshuamurray@gmail.com,gold
Максимильян,Носков,male,+79122156112,teresawilson@hotmail.com,silver
Элеонора,Павлова,female,+79550089817,jacksonkathy@campbell.biz,bronze
Панкрат,Шашков,male,+79277714566,cdavis@johnson.org,bronze
Клавдия,Суворова,female,+79190699376,hebertvictor@yahoo.com,gold
Кузьма,Авдеев,male,+79537407201,dfinley@gmail.com,bronze
Афанасий,Прохоров,male,+79412696930,andersontroy@hotmail.com,bronze
Викторин,Маслов,male,+79788668979,maureen12@yahoo.com,diamond
Евдокия,Лыткина,female,+79171366760,carlsonshelby@yahoo.com,silver
Елизавета,Морозова,female,+79099525930,kevin45@yahoo.com,bronze
Севастьян,Муравьев,male,+79118865857,melissa33@gmail.com,gold
Клавдия,Власова,female,+79223057900,crystalhanson@yahoo.com,bronze
Варвара,Тетерина,female,+79001148650,johncobb@rogers.com,silver
Надежда,Ситникова,female,+79131114544,cobblori@yahoo.com,diamond
Алина,Блохина,female,+79521790859,emilycoffey@rasmussen-bush.com,silver
Нонна,Михайлова,female,+79671708782,maryoneill@yahoo.com,bronze
Фаина,Жданова,female,+79911096298,jcarter@wilson-schmitt.com,silver
Орест,Зуев,male,+79815264290,matthewyoder@parker.biz,diamond
Алевтина,Анисимова,female,+79344374148,amy16@gmail.com,gold
Алина,Сысоева,female,+79200504375,jasmineryan@yahoo.com,silver
Фаина,Дементьева,female,+79099375586,luistaylor@bradford-lewis.net,bronze
Антонина,Носова,female,+79076131182,lydia87@hotmail.com,diamond
Вадим,Князев,male,+79585411824,christopher86@hotmail.com,gold
Евфросиния,Кондратьева,female,+79225289927,bethshepherd@smith-parker.com,gold
Агафья,Рогова,female,+79726036447,spencercharles@jones.com,silver
Олег,Ермаков,male,+79032636057,elizabeth58@yahoo.com,diamond
Варвара,Гурьева,female,+79299292342,stewartjulia@norris.com,bronze
Панкрат,Шашков,male,+79328785326,tiffanyeaton@marquez.com,gold
Алина,Михайлова,female,+79781862679,pittsheidi@yahoo.com,bronze
Екатерина,Кузнецова,female,+79004090414,angela37@chung.com,silver
Сила,Беспалов,male,+79167348814,theresa79@flores-skinner.com,bronze
Глафира,Белоусова,female,+79973462351,williamhensley@ross.com,bronze
Евстигней,Козлов,male,+79936380432,april67@hotmail.com,bronze
Никита,Костин,male,+79970788917,loretta24@gmail.com,silver
Герасим,Новиков,male,+79736995865,johnsonsean@cook.com,bronze
Иннокентий,Исаев,male,+79844183986,xwilkinson@gmail.com,gold
Симон,Якушев,male,+79978998174,saundersmonica@gmail.com,gold
Ольга,Овчинникова,female,+79307870335,christopherhammond@montgomery.com,bronze
Ангелина,Фролова,female,+79719661899,jenniferbrown@compton.org,bronze
Полина,Емельянова,female,+79032022311,zwilson@chang.info,bronze
Глафира,Анисимова,female,+79388993880,swatson@yahoo.com,gold
Георгий,Миронов,male,+79578779669,ywebster@howell.com,diamond
Карл,Туров,male,+79105120155,hkaufman@hotmail.com,silver
Дарья,Сидорова,female,+79101193116,wdonaldson@rice-wallace.org,silver
Владислав,Белозеров,male,+79943107535,jeremy21@nicholson-ball.info,gold
Галина,Владимирова,female,+79595726979,kari71@gmail.com,bronze
Оксана,Кононова,female,+79132771419,perezbrad@hotmail.com,bronze
Октябрина,Казакова,female,+79818593747,ashley56@gmail.com,gold
Иосиф,Коновалов,male,+79820339081,hthompson@bowman-butler.com,silver
Гаврила,Никифоров,male,+79139283028,jonesangel@hotmail.com,bronze
Эрнст,Киселев,male,+79921877976,bennettmanuel@ayala.com,silver
Варфоломей,Казаков,male,+79121128920,ujoseph@yahoo.com,bronze
Захар,Шубин,male,+79865844412,ywilliams@mcclure-miller.com,gold
Мокей,Кудряшов,male,+79167932252,michaelsmith@smith.info,silver
Касьян,Жданов,male,+79761082952,randy04@brown.net,silver
Гедеон,Зиновьев,male,+79305460563,omontgomery@gmail.com,bronze
Эммануил,Сергеев,male,+79019432138,michaelgonzales@spears.com,bronze
Татьяна,Кудряшова,female,+79534667910,joseadkins@hotmail.com,bronze
Лазарь,Шашков,male,+79191832072,flemingdakota@mata.com,bronze
Элеонора,Моисеева,female,+79885067435,npowell@gmail.com,gold
Епифан,Пестов,male,+79665185545,mcarter@saunders-blair.com,bronze
Ефрем,Панфилов,male,+79094975793,katie06@olson.com,bronze
Любовь,Калашникова,female,+79308146511,sara38@perry.net,diamond
Семен,Баранов,male,+79712367777,beardmichael@gmail.com,silver
Мария,Гаврилова,female,+79523131204,bradfordamanda@hotmail.com,silver
Раиса,Гришина,female,+79802049578,amyhaney@ramos-peterson.com,bronze
Маргарита,Зимина,female,+79753854848,jperez@gmail.com,bronze
Зинаида,Авдеева,female,+79835440680,hawkinsjason@williams.biz,bronze
Спартак,Вишняков,male,+79997382383,brookemcguire@simmons.biz,diamond
Таисия,Чернова,female,+79710787863,zdouglas@li.com,bronze
Константин,Вишняков,male,+79823461752,cdaniel@fischer.com,silver
Марфа,Кудряшова,female,+79966253844,joseph21@hotmail.com,bronze
Евдокия,Воронова,female,+79328016252,jamesjennifer@yahoo.com,bronze
Лукия,Белова,female,+79982043579,hillnicholas@yahoo.com,silver
Тамара,Максимова,female,+79027968453,deborahalvarado@lucas-robertson.com,bronze
Зоя,Тетерина,female,+79011829669,tnicholson@moss.com,bronze
Борис,Белоусов,male,+79896416940,sparksroy@williamson.com,diamond
Нонна,Григорьева,female,+79052674551,hinesnancy@yahoo.com,gold
Тамара,Костина,female,+79245821964,abuchanan@york-lopez.com,bronze
Адам,Молчанов,male,+79308315465,cynthia58@ruiz-baird.com,bronze
Лев,Тарасов,male,+79298127342,thomas55@hotmail.com,silver
Куприян,Макаров,male,+79691187468,renee86@wilson.com,bronze
Агата,Капустина,female,+79726666419,qthomas@yahoo.com,bronze
Октябрина,Никифорова,female,+79091437120,waltersdustin@gmail.com,silver
Милица,Моисеева,female,+79524941754,frazierheidi@hotmail.com,silver
Мария,Попова,female,+79443992912,adamsmadeline@lindsey.info,bronze
Екатерина,Александрова,female,+79990589611,dhansen@gmail.com,gold
Ия,Горшкова,female,+79639706366,jennywagner@gmail.com,bronze
Антонина,Русакова,female,+79138542040,hernandezleslie@molina.org,bronze
Элеонора,Моисеева,female,+79887271498,qramirez@atkinson.biz,bronze
Ираида,Захарова,female,+79269324579,dianaoliver@yahoo.com,gold
Агата,Капустина,female,+79616632669,freemanhaley@harmon-reyes.com,gold
Галина,Куликова,female,+79644716714,amysmith@yahoo.com,silver
Николай,Журавлев,male,+79607975844,crodriguez@jones.com,bronze
Елена,Гуляева,female,+79430344610,donaldsaunders@gaines.com,silver
Регина,Гусева,female,+79764260792,rebekah50@richardson-patton.com,silver
Светлана,Михеева,female,+79132561230,ashleyclements@brown.biz,silver
Ипполит,Игнатов,male,+79442036902,belldaniel@yahoo.com,gold
Борис,Новиков,male,+79436353132,elopez@murphy.com,bronze
Ерофей,Киселев,male,+79158609586,jenningsgabriel@mendez.info,bronze
Майя,Шарова,female,+79892337948,thomaswebb@gmail.com,bronze
Таисия,Турова,female,+79664250887,monica49@reed.info,bronze
Аггей,Кудрявцев,male,+79707387197,brownmichaela@gmail.com,gold
Нонна,Исаева,female,+79729362955,stricklandmichelle@yahoo.com,silver
Андроник,Зуев,male,+79771589853,hlester@hotmail.com,silver
Борис,Белоусов,male,+79467328258,ajackson@gmail.com,bronze
Агафья,Борисова,female,+79473491937,stephen03@little.net,silver
Константин,Яковлев,male,+79213525541,glennconner@gmail.com,silver
Элеонора,Моисеева,female,+79484320650,lisaharrison@allison.com,gold
Елена,Гуляева,female,+79660137104,kristenroberts@gmail.com,gold
Антонина,Пестова,female,+79449159504,rochaisaiah@brown.com,silver
Наталья,Лыткина,female,+79334572832,lawrencemichael@valentine.com,gold
Викентий,Кабанов,male,+79136800300,caldwellsandra@yahoo.com,bronze
Игорь,Титов,male,+79479069635,ybell@hotmail.com,bronze
Анастасия,Степанова,female,+79856899371,scollins@hotmail.com,gold
Галактион,Исаков,male,+79994279103,ctaylor@serrano.com,bronze
Евпраксия,Ковалева,female,+79969971881,devin74@mills-lopez.org,bronze
Галина,Константинова,female,+79961955390,davidwatson@gmail.com,gold
Куприян,Константинов,male,+79708328262,xjohnson@jones.com,bronze
Степан,Потапов,male,+79471574702,bwilson@smith-simon.org,silver
Любомир,Ефремов,male,+79320570736,sharonayala@butler-thompson.net,bronze
Лора,Комиссарова,female,+79672645528,greenlisa@simpson-huffman.com,bronze
Татьяна,Костина,female,+79972792106,denisebaker@hotmail.com,bronze
Любосмысл,Лебедев,male,+79711540384,robertolewis@hotmail.com,diamond
Октябрина,Савельева,female,+79170882775,lisa74@yahoo.com,bronze
Самсон,Филатов,male,+79861897710,christopherjackson@taylor.org,bronze
Регина,Гусева,female,+79202730022,esilva@romero-johnson.com,silver
Галина,Андреева,female,+79199628900,kelsey37@larsen-summers.com,gold
Эрнст,Кириллов,male,+79124424654,gilbertjuan@hotmail.com,diamond
Варфоломей,Казаков,male,+79236170219,holly41@martin.com,bronze
Богдан,Корнилов,male,+79366043428,wrightshannon@yahoo.com,gold
Зиновий,Алексеев,male,+79939957027,smithkevin@steele.com,bronze
Влас,Егоров,male,+79419605184,alexsullivan@gonzales.info,bronze
Зоя,Муравьева,female,+79760129403,xkim@reynolds-thompson.com,silver
Феврония,Мельникова,female,+79442610918,rubenjenkins@meyer.com,bronze
Ермил,Тетерин,male,+79839925806,bmcclure@schneider-mitchell.org,silver
Виктория,Рожкова,female,+79418377828,evasquez@yahoo.com,silver
Евфросиния,Кондратьева,female,+79648328036,olivia97@oliver-lopez.com,silver
Осип,Капустин,male,+79113638944,charlesgriffin@gmail.com,bronze
Аполлон,Медведев,male,+79014040355,courtneywu@gmail.com,silver
Радислав,Шилов,male,+79171864497,zacharywells@hotmail.com,silver
Виктор,Сергеев,male,+79785868427,josephvargas@yahoo.com,bronze
Викторин,Моисеев,male,+79387793629,bmack@washington-white.info,silver
Прасковья,Виноградова,female,+79916615393,michael62@suarez.com,silver
Прасковья,Исакова,female,+79481017492,twright@hotmail.com,bronze
Ювеналий,Никифоров,male,+79093039311,kimberlyjenkins@hughes.com,silver
Аверкий,Некрасов,male,+79189556553,vdouglas@estrada.net,gold
София,Агафонова,female,+79707965140,blarsen@hotmail.com,bronze
Данила,Андреев,male,+79447411704,brian56@gmail.com,gold
Серафим,Владимиров,male,+79878002981,heather69@yahoo.com,gold
Парамон,Третьяков,male,+79792222026,samantha97@crawford.biz,gold
Тимофей,Рябов,male,+79488287308,angelamartin@gmail.com,bronze
Виктор,Фролов,male,+79911007585,preston10@hernandez.com,bronze
Осип,Комиссаров,male,+79358110176,isabel63@dunn.com,bronze
Самсон,Филатов,male,+79158960350,tiffanywalsh@ramirez.com,bronze
Иосиф,Коновалов,male,+79033939579,davidwilson@yahoo.com,diamond
Савва,Власов,male,+79755278300,austinrivera@webster.net,silver
Марина,Шилова,female,+79151459272,wigginserica@sharp.org,silver
Лидия,Корнилова,female,+79113922322,adamsmelissa@yahoo.com,silver
Раиса,Щукина,female,+79665989163,kellykimberly@campbell.com,gold
Алина,Щербакова,female,+79834917798,mark59@vargas.info,silver
Климент,Кондратьев,male,+79629617136,francisangela@lewis-baker.info,gold
Демьян,Королев,male,+79832584606,linda38@ortega.com,diamond
Жанна,Кузьмина,female,+79263561967,robertburke@roberts-juarez.com,silver
Спартак,Молчанов,male,+79251088637,conleypaul@jordan.com,silver
Мир,Пономарев,male,+79465574142,jamierobbins@hotmail.com,bronze
Любовь,Калашникова,female,+79516626598,robertlee@blackwell.com,silver
Климент,Кондратьев,male,+79556444111,bcarter@stout.com,bronze
Маргарита,Кириллова,female,+79338877758,qstevenson@yahoo.com,bronze
Александра,Галкина,female,+79671097849,perry43@yahoo.com,gold
Парфен,Поляков,male,+79906529326,ronaldowens@yahoo.com,silver
Игорь,Тарасов,male,+79026156663,sarahhuber@hotmail.com,silver
София,Моисеева,female,+79068953642,ljordan@yahoo.com,bronze
Азарий,Меркушев,male,+79176262609,alex18@yahoo.com,silver
Мартьян,Гаврилов,male,+79347121309,freemangabriel@lopez.com,bronze
Светлана,Михеева,female,+79660207047,rjackson@newton.net,gold
Анжела,Носова,female,+79982746523,tgonzalez@gmail.com,bronze
Александра,Павлова,female,+79387148061,thompsonjanice@gmail.com,bronze
Мечислав,Большаков,male,+79258548458,emilycopeland@yahoo.com,bronze
Тимофей,Рябов,male,+79739714398,etanner@yahoo.com,silver
Адам,Молчанов,male,+79287104770,sosateresa@gmail.com,bronze
Стоян,Попов,male,+79595541206,barbara84@scott-french.biz,gold
Нинель,Зуева,female,+79977993351,guerreroshane@griffin.org,bronze
Ярослав,Шилов,male,+79813800240,thomas10@hotmail.com,bronze
Харитон,Авдеев,male,+79186740201,heatherwilson@gmail.com,diamond
Карл,Абрамов,male,+79242766169,gyang@martin.biz,bronze
Сильвестр,Осипов,male,+79732913356,matthew91@gmail.com,silver
Милан,Поляков,male,+79366167856,scottchristopher@hess.com,silver
Адам,Молчанов,male,+79516731345,dsanders@allen.com,bronze
Агата,Семенова,female,+79171599702,kaylamitchell@yahoo.com,bronze
Фирс,Евдокимов,male,+79287231978,kristopher70@melendez.com,silver
Вероника,Панова,female,+79574073807,hflores@salazar.com,silver
Борис,Коновалов,male,+79743546849,jason88@gmail.com,diamond
Глеб,Брагин,male,+79231365431,allengary@yahoo.com,bronze
Ангелина,Овчинникова,female,+79039288357,margaret16@jackson.com,gold
Милан,Антонов,male,+79809807836,davidfrederick@hotmail.com,bronze
Аникей,Петухов,male,+79555770538,espinozalauren@hotmail.com,bronze
Марина,Никонова,female,+79709877787,kbradley@gmail.com,bronze
Алла,Козлова,female,+79083240575,valenciaallen@brooks-brown.com,gold
Евстафий,Зуев,male,+79966824724,monica93@yahoo.com,silver
Наталья,Лыткина,female,+79169854149,wilsondeborah@santos-castillo.com,silver
Мария,Гаврилова,female,+79925049426,orobles@hotmail.com,bronze
Марина,Быкова,female,+79943187877,marioanderson@price.com,bronze
Пантелеймон,Зайцев,male,+79138871225,mallorybaker@yahoo.com,gold
Зоя,Филиппова,female,+79930812019,gabriellelin@vargas.com,bronze
Милий,Русаков,male,+79997453676,bill66@yahoo.com,silver
Сильвестр,Лукин,male,+79305760127,davisbrittany@morris.biz,silver
Маргарита,Зимина,female,+79650739137,stonedawn@yahoo.com,silver
Феликс,Осипов,male,+79357459834,greynolds@gmail.com,gold
Поликарп,Стрелков,male,+79522046672,allisonsullivan@yahoo.com,bronze
Матвей,Михеев,male,+79975472467,zking@jones.net,silver
Карл,Анисимов,male,+79589626211,christopher98@lawrence.info,silver
Глафира,Белоусова,female,+79326426531,lisafaulkner@gmail.com,bronze
Исидор,Козлов,male,+79157900345,cmitchell@yahoo.com,silver
Фока,Дементьев,male,+79310825051,ponceshelby@gmail.com,bronze
Таисия,Карпова,female,+79276061927,laurennguyen@yahoo.com,bronze
Марина,Большакова,female,+79300108875,bradleydrew@gmail.com,bronze
Ираида,Моисеева,female,+79036972763,ashley12@gmail.com,diamond
Тимур,Егоров,male,+79613548728,donnawilson@yahoo.com,silver
Еремей,Сорокин,male,+79886886209,fromero@hotmail.com,gold
Панфил,Корнилов,male,+79226706640,prichards@farmer-smith.com,bronze
Алевтина,Игнатьева,female,+79723903759,shenderson@castillo-gardner.com,silver
Майя,Громова,female,+79810767954,mariaanderson@yahoo.com,bronze
Зиновий,Фомин,male,+79749913163,lopezanna@reynolds.com,bronze
Светлана,Стрелкова,female,+79207183682,cruzbrenda@owens-gill.com,silver
Ратмир,Савельев,male,+79780943625,thomas46@hotmail.com,bronze
Глафира,Анисимова,female,+79349755060,rhondarobles@ingram.com,silver
Наталья,Филатова,female,+79916265005,owenshawn@gmail.com,bronze
Ия,Третьякова,female,+79123065498,matthew15@hotmail.com,silver
Майя,Игнатова,female,+79445681912,kgrant@thomas-miller.com,silver
Модест,Пахомов,male,+79736967736,jeffreygalvan@shields.com,bronze
Агата,Капустина,female,+79411478340,susanwhite@hotmail.com,bronze
Нонна,Григорьева,female,+79999332447,jonesjustin@gmail.com,gold
Симон,Горбунов,male,+79324624864,smithmichael@white.org,bronze
Митофан,Кононов,male,+79031801028,iwilson@gmail.com,bronze
Евдокия,Макарова,female,+79958480698,oconnorveronica@yahoo.com,gold
Александра,Большакова,female,+79054577550,larryhampton@coleman.info,gold
Варвара,Орлова,female,+79357888672,sherry42@yahoo.com,bronze
Людмила,Исакова,female,+79329138636,cmatthews@hudson.com,gold
Касьян,Кузнецов,male,+79247632452,blackrobert@lewis.biz,bronze
Епифан,Пестов,male,+79524671502,hgreene@hotmail.com,bronze
Владислав,Белозеров,male,+79870470860,rebeccasims@baker.com,bronze
Святослав,Прохоров,male,+79163154430,alexander73@yahoo.com,bronze
Агафья,Рогова,female,+79529878230,jennifer36@gmail.com,gold
Нинель,Борисова,female,+79914237760,ulawrence@yahoo.com,silver
Аникей,Артемьев,male,+79177406773,burnsrebecca@thompson-reed.biz,silver
Ксения,Горшкова,female,+79802362003,driddle@choi.com,bronze
Вадим,Князев,male,+79710178606,hhenderson@hotmail.com,silver
Эрнест,Титов,male,+79233141066,matthewcoleman@gmail.com,silver
Викторин,Маслов,male,+79847524885,blairdarrell@moore.biz,bronze
Екатерина,Маркова,female,+79278284943,randylewis@park-todd.com,bronze
Елизавета,Зиновьева,female,+79602736389,diane86@bennett.info,bronze
Данила,Павлов,male,+79512797280,ohopkins@stone.info,gold
Панфил,Корнилов,male,+79588497197,nthompson@gmail.com,bronze
Марфа,Ефимова,female,+79076882266,pgreen@navarro-armstrong.com,bronze
Мариан,Суворов,male,+79878009805,courtneywiley@olson.com,silver
Эрнест,Фокин,male,+79666001619,kellyreyes@gmail.com,bronze
Надежда,Бирюкова,female,+79683747118,gpineda@dunlap-hunt.com,bronze
Мария,Галкина,female,+79951977913,qhopkins@brown-petty.com,silver
Аполлинарий,Беляков,male,+79810904057,garyhamilton@vasquez-smith.biz,gold
Гедеон,Дмитриев,male,+79715258003,nsmith@yahoo.com,silver
Фёкла,Никифорова,female,+79911498477,btapia@carter.org,diamond
Ипат,Бирюков,male,+79482785090,scottkaren@james-ford.com,silver
Александра,Герасимова,female,+79587579113,jessicamartinez@smith-campbell.com,bronze
Павел,Русаков,male,+79697359079,jesus67@yahoo.com,bronze
Юлия,Елисеева,female,+79471476635,danielsalinas@yahoo.com,silver
Екатерина,Александрова,female,+79729370847,palvarez@gomez.com,bronze
Милан,Антонов,male,+79025934427,allisonsullivan@wilcox.biz,bronze
Алевтина,Игнатьева,female,+79947175525,theresa58@gmail.com,silver
Светлана,Доронина,female,+79630186538,qedwards@dunn.org,diamond
Виктор,Третьяков,male,+79026708914,jkennedy@yahoo.com,bronze
Спартак,Некрасов,male,+79618973190,william85@gmail.com,bronze
Любим,Козлов,male,+79468391005,dustin22@gmail.com,bronze
Ия,Третьякова,female,+79987267781,meyersjenna@gmail.com,bronze
Фёкла,Кабанова,female,+79600092845,mreid@gmail.com,bronze
Феврония,Капустина,female,+79389267062,rodriguezjulie@hotmail.com,bronze
Евпраксия,Васильева,female,+79528481261,jennifer60@richardson.org,bronze
Самсон,Филатов,male,+79322878120,robertyoung@sullivan.biz,diamond
Прасковья,Королева,female,+79387667274,jonathan55@hotmail.com,silver
Эрнест,Дементьев,male,+79115494155,lopeztiffany@velasquez.com,bronze
Пахом,Журавлев,male,+79899933611,jesus09@hicks.net,diamond
Татьяна,Костина,female,+79585370693,jamesmorris@arnold.com,bronze
Натан,Калинин,male,+79942805333,georgeblake@reese.info,silver
Александра,Павлова,female,+79869262899,catherinemay@yahoo.com,bronze
Полина,Быкова,female,+79577989296,wrogers@allen.com,gold
Евгения,Афанасьева,female,+79173885437,turnermelissa@massey-wilson.com,silver
Гремислав,Комиссаров,male,+79052370250,ulevine@yahoo.com,gold
Иосиф,Коновалов,male,+79494515741,wdouglas@yahoo.com,bronze
Агафья,Александрова,female,+79432203245,vsanders@yahoo.com,silver
Ферапонт,Морозов,male,+79093695839,anthony32@reynolds-best.com,bronze
Галина,Андреева,female,+79899388066,mathisjoshua@hotmail.com,gold
Екатерина,Юдина,female,+79761979714,gabrielnguyen@kline-moss.biz,diamond
Кира,Исаева,female,+79770557875,robinsondanielle@yahoo.com,bronze
Панфил,Корнилов,male,+79684584249,ngreen@hotmail.com,silver
Аверкий,Щербаков,male,+79710217358,csmith@hotmail.com,silver
Варфоломей,Казаков,male,+79493958093,zacharybrown@kerr.info,diamond
Жанна,Уварова,female,+79148272829,jenniferbrown@lam.com,bronze
Симон,Якушев,male,+79117017760,lewisjacqueline@gmail.com,bronze
Влас,Егоров,male,+79094749605,michelle55@stevenson.biz,diamond
Богдан,Корнилов,male,+79614544878,williamsonandre@hotmail.com,bronze
Людмила,Карпова,female,+79234606011,tsanchez@terry.org,bronze
Корнил,Назаров,male,+79582439730,anthony17@jackson.biz,bronze
Ювеналий,Мишин,male,+79745744167,darren72@gmail.com,diamond
Ерофей,Киселев,male,+79734344210,thomasmegan@weber.com,silver
Панкрат,Шашков,male,+79509506590,schultzamy@gmail.com,bronze
Феврония,Калашникова,female,+79468660181,amorton@kelly.com,bronze
Ираклий,Русаков,male,+79755119048,jonesana@hotmail.com,gold
Леонтий,Петухов,male,+79467435130,hannah69@mclaughlin.net,silver
Анастасия,Степанова,female,+79309980920,abigail22@johnson-fuller.com,bronze
Гедеон,Дмитриев,male,+79351258034,michaeljones@mayer-blackwell.com,gold
Мирослав,Жуков,male,+79893856354,howekelly@gmail.com,silver
Сергей,Гаврилов,male,+79589590260,staceyjones@yahoo.com,gold
Корнил,Муравьев,male,+79676142409,wlee@gmail.com,bronze
Ефрем,Белоусов,male,+79440989269,walkerwalter@gmail.com,bronze
Иосиф,Коновалов,male,+79978243924,jennifer91@gmail.com,silver
Октябрина,Казакова,female,+79500437313,fowens@gmail.com,silver
Виктор,Третьяков,male,+79224993353,james91@gmail.com,silver
Орест,Зуев,male,+79776217787,ecarlson@henderson.com,bronze
Валентина,Силина,female,+79619124106,rmeyer@gmail.com,silver
Лора,Ершова,female,+79516835101,barnesheidi@compton-daugherty.info,silver
Владилен,Громов,male,+79443990491,danny05@yahoo.com,bronze
Митофан,Кононов,male,+79296793859,agiles@mendoza.com,gold
Виктор,Александров,male,+79898566086,ymills@manning.com,gold
Аверкий,Некрасов,male,+79003069690,zlong@brown.net,diamond
Зиновий,Фомин,male,+79998298603,jenniferhall@hotmail.com,gold
Глафира,Вишнякова,female,+79054995786,brookebrown@hotmail.com,diamond
Леон,Захаров,male,+79340491433,owensgloria@harrison.com,bronze
Виктория,Хохлова,female,+79419263261,sanchezphilip@gmail.com,silver
Митофан,Голубев,male,+79791813064,markbates@griffith.com,silver
Тимофей,Козлов,male,+79263619461,luis03@gmail.com,diamond
Клавдия,Красильникова,female,+79202831658,shahbrandon@hotmail.com,silver
Виктория,Федотова,female,+79227085015,fischersteven@williams-avery.com,gold
Каллистрат,Марков,male,+79321998418,tcunningham@hotmail.com,silver
Феврония,Капустина,female,+79541487757,ashley55@gmail.com,bronze
Пров,Кулаков,male,+79070410396,kaitlyn14@hotmail.com,silver
Анастасия,Турова,female,+79461610017,lisabaker@jacobs-walker.net,silver
Тамара,Максимова,female,+79929083645,tiffany59@hotmail.com,bronze
Ипатий,Белов,male,+79331693590,crystalgates@yahoo.com,diamond
Феврония,Фомичева,female,+79723636269,csmith@rose.com,bronze
Нонна,Дроздова,female,+79077904424,jacquelinetravis@mclaughlin-smith.net,silver
Фёкла,Трофимова,female,+79153036732,derek94@keller-key.org,bronze
Мария,Попова,female,+79936574297,maymichael@petersen.com,silver
Корнил,Муравьев,male,+79478779668,pramirez@strickland.com,bronze
Варвара,Андреева,female,+79476853058,wmyers@morgan-farmer.com,gold
Авдей,Васильев,male,+79805046281,tombentley@gmail.com,gold
Зоя,Алексеева,female,+79380229817,garciaalexander@richardson-willis.com,bronze
Евдокия,Белоусова,female,+79409661342,rossalexander@hanson.info,bronze
Евдоким,Воронов,male,+79615547418,ericksonchristopher@yahoo.com,gold
Октябрина,Казакова,female,+79770892323,aorozco@johnson.biz,bronze
Ольга,Турова,female,+79762770927,stephanielozano@quinn-fisher.org,silver
Ирина,Медведева,female,+79938824727,john32@gmail.com,bronze
Александра,Орлова,female,+79143964257,hsilva@jones.com,bronze
Глеб,Владимиров,male,+79610563816,sandranelson@scott-farrell.com,silver
Борис,Коновалов,male,+79996797932,xleach@stevens-allen.com,silver
Викентий,Кабанов,male,+79911953817,bballard@yahoo.com,gold
Лидия,Журавлева,female,+79173249738,perrykyle@gmail.com,bronze
Вацлав,Исаков,male,+79037233622,roachraymond@hotmail.com,silver
Глеб,Брагин,male,+79834624235,jimmywebb@young.com,bronze
Ермил,Лазарев,male,+79838125315,burnettmatthew@bond.com,bronze
Ираклий,Русаков,male,+79767974613,garzaadam@morris-todd.com,gold
Елена,Дорофеева,female,+79145747589,rebecca09@yahoo.com,gold
Данила,Павлов,male,+79166958319,gallowaywesley@hotmail.com,bronze
Екатерина,Афанасьева,female,+79139082551,jonesveronica@wilson.info,bronze
Викторин,Маслов,male,+79337942433,collinsmichelle@hotmail.com,bronze
Надежда,Бирюкова,female,+79926600665,williamperez@lewis-choi.com,silver
Мир,Пономарев,male,+79309242514,raymonddavid@hotmail.com,bronze
Борис,Новиков,male,+79813892451,oflores@yahoo.com,gold
Викентий,Кабанов,male,+79749978633,kimberly39@livingston.com,silver
Автоном,Князев,male,+79270557748,kellie21@mayer-odonnell.info,bronze
Виссарион,Михеев,male,+79924263852,gtucker@hicks.biz,bronze
Модест,Исаков,male,+79222162683,monicaparker@gmail.com,bronze
Евпраксия,Макарова,female,+79967535038,kjohnson@gmail.com,silver
Милан,Федотов,male,+79855339125,stephaniecarey@gmail.com,bronze
Спартак,Молчанов,male,+79844515984,rbailey@yahoo.com,silver
Юлия,Цветкова,female,+79099466659,johnharris@gmail.com,silver
Добромысл,Трофимов,male,+79355880585,ibutler@yahoo.com,bronze
Надежда,Шестакова,female,+79347412383,staceyirwin@richards-gutierrez.biz,silver
Ярослав,Федотов,male,+79927664553,vmiller@mora.com,bronze
Олимпиада,Быкова,female,+79857058074,barbarakoch@smith-stewart.biz,silver
Панкратий,Тарасов,male,+79858873357,michaeldorsey@crawford-waters.com,bronze
Клавдия,Мельникова,female,+79785781134,dwhite@walker.com,gold
Ксения,Емельянова,female,+79953124052,morgankelley@gmail.com,bronze
Елизавета,Орехова,female,+79002847530,ashley58@martinez.com,bronze
Татьяна,Галкина,female,+79796629509,josesmith@gmail.com,gold
Епифан,Агафонов,male,+79586597462,joseph62@hotmail.com,gold
Татьяна,Логинова,female,+79188813591,jeremy87@sims.net,silver
Анна,Никитина,female,+79183802240,scottcraig@hotmail.com,bronze
Алина,Михайлова,female,+79874305581,janetwatson@gmail.com,silver
Валентина,Русакова,female,+79947620241,breweralicia@gmail.com,bronze
Руслан,Исаев,male,+79735141604,estradalisa@hotmail.com,silver
Анисим,Ефремов,male,+79693730390,michaelmayer@hotmail.com,bronze
Мечислав,Горбунов,male,+79911672688,buchananwilliam@hotmail.com,silver
Ефрем,Белоусов,male,+79946298853,gabrielleflores@hotmail.com,bronze
Андрон,Ермаков,male,+79278179372,ugarcia@yahoo.com,gold
Ефрем,Капустин,male,+79466808566,ojensen@best.com,bronze
Фаина,Григорьева,female,+79994940119,donaldharris@bennett.net,silver
Август,Орехов,male,+79407483946,denise99@meyer.org,silver
Данила,Котов,male,+79008507901,nicolefoster@rodriguez-dixon.com,silver
Орест,Зуев,male,+79561657446,amandasoto@avery.info,diamond
Митофан,Голубев,male,+79609079826,lewisjulie@hartman.org,silver
Александра,Орлова,female,+79628920704,jamesjones@gmail.com,silver
Александра,Савельева,female,+79229316280,lisavilla@gmail.com,bronze
Родион,Панфилов,male,+79190089792,heather24@gmail.com,bronze
Ермил,Мясников,male,+79523088423,hernandezkimberly@bond.com,bronze
Клавдия,Мельникова,female,+79874377954,fholmes@trujillo.com,silver
Виктория,Дорофеева,female,+79836409414,andrea19@gmail.com,gold
Варфоломей,Сысоев,male,+79734532831,dmoore@peterson-williams.biz,bronze
Натан,Ильин,male,+79059344375,trojas@gmail.com,gold
Вероника,Красильникова,female,+79191810174,andrewwoods@hotmail.com,silver
Евграф,Орлов,male,+79610050935,andrewsmith@carpenter.com,bronze
Клавдия,Суворова,female,+79148061914,jonathan01@bell.com,bronze
Октябрина,Никифорова,female,+79249740980,fuentesdaniel@juarez-sanchez.com,bronze
Фёкла,Князева,female,+79065751868,michelle70@meza.com,silver
Дарья,Николаева,female,+79888387020,montoyavirginia@yahoo.com,silver
Людмила,Гришина,female,+79416095563,melissa71@brown-little.com,bronze
Людмила,Коновалова,female,+79472301427,michaelcox@gmail.com,silver
Екатерина,Тетерина,female,+79939908122,sbush@parker.com,bronze
Панкрат,Исаков,male,+79468790030,parkwendy@rhodes-stewart.biz,bronze
Феофан,Фомичев,male,+79427820368,dortiz@gmail.com,silver
Милан,Федотов,male,+79563459216,daniellerios@ross-nash.com,bronze
Мечислав,Большаков,male,+79316499659,kevinmacias@osborn-stanley.com,gold
Елисей,Миронов,male,+79559945224,dakota80@yahoo.com,bronze
Мирослав,Жуков,male,+79552397011,thomasveronica@campos.com,bronze
Регина,Громова,female,+79653199011,thomasangela@gmail.com,bronze
Гремислав,Федосеев,male,+79685466765,breannabruce@yahoo.com,gold
Ангелина,Фролова,female,+79725027505,adamharding@thompson-scott.com,bronze
Кира,Гордеева,female,+79013018135,emilyhamilton@vazquez-bowman.info,gold
Галина,Куликова,female,+79497646855,katherine09@gmail.com,silver
Кондратий,Титов,male,+79714187720,mistymitchell@yahoo.com,diamond
Елизавета,Исаева,female,+79545769379,jamesadam@perry.com,gold
Георгий,Герасимов,male,+79969828761,ashleynolan@yahoo.com,silver
Корнил,Назаров,male,+79452464556,breannadiaz@hotmail.com,silver
Автоном,Брагин,male,+79811993154,okennedy@yahoo.com,silver
Ольга,Дорофеева,female,+79278475415,alyssaperez@yahoo.com,gold
Марк,Дроздов,male,+79385091500,scottjones@clark.com,gold
Элеонора,Моисеева,female,+79821969224,ashleyperez@torres-randolph.com,bronze
Аристарх,Князев,male,+79389338574,tcisneros@yahoo.com,bronze
Мария,Карпова,female,+79527385112,chase29@gmail.com,bronze
Агата,Семенова,female,+79332447142,lisalester@hotmail.com,silver
Тамара,Матвеева,female,+79311948663,fvaldez@jones.com,gold
Владислав,Красильников,male,+79420863139,claytoncolon@cooper.org,silver
Яков,Петров,male,+79629283416,yflores@gmail.com,gold
Лев,Журавлев,male,+79331799860,jedwards@wagner.com,silver
Галина,Борисова,female,+79085654282,butlerharry@murray.com,gold
Раиса,Щукина,female,+79746950687,savannah07@hotmail.com,silver
Виктория,Дорофеева,female,+79879751699,kara47@gmail.com,bronze
Нина,Шашкова,female,+79586091150,alisonreyes@gmail.com,bronze
Анжела,Носова,female,+79935467372,ehernandez@hotmail.com,gold
Тимур,Красильников,male,+79639882057,laurafisher@yahoo.com,bronze
Будимир,Иванов,male,+79476226769,andrew94@james-massey.biz,bronze
Мария,Галкина,female,+79688802301,lindsey02@yahoo.com,gold
Данила,Котов,male,+79942954171,benjamin59@gmail.com,silver
Зоя,Брагина,female,+79048293312,qharrell@scott.com,bronze
Анисим,Ефремов,male,+79867510313,akelly@keith-carr.info,bronze
Мирон,Русаков,male,+79614558120,goodwindebbie@taylor.com,diamond
Владислав,Красильников,male,+79520416742,gdavidson@smith.com,bronze
Амос,Абрамов,male,+79246437365,amy25@gmail.com,silver
Фаина,Орехова,female,+79720754208,osbornjustin@barker.com,bronze
Агата,Веселова,female,+79605613153,morganmatthew@carpenter.com,gold
Октябрина,Никифорова,female,+79930868829,jakehart@gmail.com,gold
Клавдия,Уварова,female,+79325543776,yhunt@wood-williams.com,bronze
Ульяна,Овчинникова,female,+79110312328,meredithhensley@hotmail.com,silver
Евпраксия,Богданова,female,+79921128432,nwalker@austin.net,bronze
Ладимир,Уваров,male,+79092626952,mariajordan@gmail.com,gold
София,Попова,female,+79455056532,debra29@hotmail.com,gold
Алина,Полякова,female,+79671387431,danieldixon@gmail.com,bronze
Владислав,Красильников,male,+79641815197,amy08@morse.com,bronze
Кира,Родионова,female,+79580306985,williammyers@yahoo.com,gold
Лукия,Алексеева,female,+79419948179,otran@yahoo.com,diamond
Данила,Борисов,male,+79769961817,nmartin@hotmail.com,bronze
Мария,Трофимова,female,+79893811347,padillajames@frazier.net,bronze
Поликарп,Киселев,male,+79817763330,evan12@curry.com,silver
Раиса,Гришина,female,+79766820650,rebecca23@yahoo.com,diamond
Зиновий,Фомин,male,+79911752671,wellsdavid@hendricks.com,silver
Татьяна,Агафонова,female,+79209572347,elizabeth36@boyle.com,silver
Елена,Дорофеева,female,+79001457057,terrance88@hotmail.com,gold
Панкрат,Исаков,male,+79517103813,gstephenson@jacobs.com,silver
Сигизмунд,Мамонтов,male,+79117286893,patricia33@richards.com,bronze
Сильвестр,Лукин,male,+79213828392,brownsteven@yahoo.com,silver
Клавдия,Сидорова,female,+79382120912,ronaldgordon@sullivan.com,bronze
Агап,Костин,male,+79508313797,erintorres@yahoo.com,silver
Марфа,Кудряшова,female,+79821012597,petersonmelissa@gmail.com,silver
Нестор,Алексеев,male,+79881001559,nbentley@brown.com,bronze
Антонина,Русакова,female,+79676517111,gutierrezkyle@yahoo.com,bronze
Трифон,Пономарев,male,+79113640688,brianellis@patterson.com,bronze
Наталья,Гуляева,female,+79767835101,eric62@jones.net,gold
Лев,Журавлев,male,+79166665753,mercedes13@rodriguez.biz,gold
Майя,Калашникова,female,+79667678336,scottguzman@clay.com,bronze
Ипатий,Белов,male,+79144967347,tgibbs@cohen-wong.com,diamond
Аристарх,Федотов,male,+79308025078,mathewstony@yahoo.com,silver
Мокей,Сазонов,male,+79265920626,alyssa56@gmail.com,gold
Анастасия,Степанова,female,+79880343150,dawsonerica@yahoo.com,bronze
Анастасия,Филиппова,female,+79001993526,mariah53@gmail.com,gold
Тамара,Матвеева,female,+79517184235,michelleglover@patterson.biz,bronze
Парфен,Стрелков,male,+79927750653,michaelbryant@hale.com,silver
Валерия,Афанасьева,female,+79943686882,marymendoza@glover.com,bronze
Тимофей,Козлов,male,+79785518716,robertstracey@hayes.net,diamond
Карп,Андреев,male,+79847800540,brad70@gmail.com,bronze
Спартак,Некрасов,male,+79087572146,francisco40@yahoo.com,bronze
Олимпиада,Быкова,female,+79890092968,marymurphy@hotmail.com,silver
Анжелика,Комарова,female,+79771037359,brianbrown@edwards-maynard.org,bronze
Демид,Гущин,male,+79440765759,gbrown@weaver-russell.info,bronze
Яков,Петров,male,+79879726053,kmalone@gmail.com,bronze
Екатерина,Афанасьева,female,+79618701863,bholt@walls.com,silver
Пантелеймон,Зайцев,male,+79728529312,patrick13@brown.biz,silver
Авдей,Савин,male,+79791530876,ramosangel@holt.com,bronze
Амос,Абрамов,male,+79562026304,rachel26@hotmail.com,gold
Глафира,Анисимова,female,+79327648390,hunter53@hotmail.com,silver
Эрнест,Фокин,male,+79116529809,lindseywood@hotmail.com,silver
Сократ,Нестеров,male,+79520357973,christopherschroeder@lane.com,bronze
Геннадий,Титов,male,+79163668063,belinda36@chavez-kane.com,diamond
Фрол,Ермаков,male,+79783045712,yjohnson@hotmail.com,gold
Фаина,Орехова,female,+79374297830,michelle67@alvarez-curry.com,bronze
Таисия,Турова,female,+79667725759,donaldbrown@yahoo.com,silver
Елена,Дорофеева,female,+79671251886,dennis59@hotmail.com,silver
Иванна,Алексеева,female,+79881692225,mcmillanpaul@hotmail.com,gold
Нонна,Михайлова,female,+79702696736,jennifer16@aguilar.com,silver
Феврония,Семенова,female,+79636050505,dawsonandrea@vang.com,bronze
Татьяна,Кудряшова,female,+79295340417,mboyer@cortez.com,silver
Никодим,Смирнов,male,+79804685336,shannon67@lewis.biz,bronze
Елена,Дорофеева,female,+79337203057,lisa86@yahoo.com,silver
Наина,Фадеева,female,+79195084255,jasmine74@hernandez.com,silver
Варвара,Елисеева,female,+79407296382,robinbeltran@mayer-horn.info,gold
Павел,Горбачев,male,+79295970051,sharonkim@vega.com,gold
Анжелика,Комарова,female,+79016227700,eric78@hotmail.com,bronze
Агафья,Лапина,female,+79005612796,hmartinez@yahoo.com,gold
Феликс,Осипов,male,+79208495797,simonanthony@gmail.com,bronze
Майя,Панова,female,+79851746590,jillrose@hotmail.com,silver
Таисия,Кулагина,female,+79648295152,pcarroll@rogers.biz,silver
Евдокия,Воронова,female,+79224583984,emily69@smith.com,bronze
Флорентин,Блинов,male,+79461147544,melissapratt@yahoo.com,bronze
Евграф,Орлов,male,+79324404235,wperkins@yahoo.com,silver
Станислав,Фролов,male,+79535990483,bonnie77@gmail.com,gold
Елизавета,Прохорова,female,+79812344894,dweaver@munoz.info,bronze
