first_name,last_name,sex,phone,email,store_id,job_id
Регина,Матвеева,female,+79046676506,whitephilip@gmail.com,667,11
Людмила,Константинова,female,+79046409953,iturner@gmail.com,166,29
Данила,Князев,male,+79379235576,gabrielle39@flores-hawkins.net,502,19
Мартын,Шашков,male,+79141545868,hsmith@williams-woods.info,283,19
Ульян,Мартынов,male,+79489161261,hesslisa@hall-martin.net,410,14
Ювеналий,Гаврилов,male,+79726471978,chadcannon@huang-mcintyre.com,154,2
Сократ,Волков,male,+79787843489,sara03@jacobs.biz,653,29
Галактион,Терентьев,male,+79735641152,kimberly08@hotmail.com,875,8
Эмилия,Щербакова,female,+79055003703,xmcdonald@bailey.com,63,2
Амос,Гришин,male,+79573401124,johnruiz@gmail.com,621,9
Ипатий,Козлов,male,+79405625480,coreyhoward@gmail.com,247,19
Андроник,Мельников,male,+79434494197,paulsmith@waters-gray.com,188,28
Потап,Корнилов,male,+79467016733,maryholmes@yahoo.com,976,13
Эмилия,Носкова,female,+79357535498,longmichael@williams-york.com,765,1
Аристарх,Орехов,male,+79267862003,pchambers@whitehead-grant.biz,205,40
Егор,Нестеров,male,+79810707535,smithjody@kelly.com,30,53
Александра,Егорова,female,+79364652040,rivasdavid@yahoo.com,208,57
Фотий,Гаврилов,male,+79871395939,thopkins@lewis-middleton.com,336,4
Силантий,Кудрявцев,male,+79136396585,paul68@schmidt-taylor.net,888,2
Нестор,Антонов,male,+79358573657,joseph49@santiago.org,930,38
Филипп,Пестов,male,+79557097128,michealwilson@martin-bell.info,647,13
Кирилл,Кулаков,male,+79621475468,jtanner@wallace.net,564,41
Пелагея,Фомина,female,+79671750681,lleach@tucker.net,290,22
Мария,Соколова,female,+79213577280,walkerapril@smith.com,828,36
Акулина,Константинова,female,+79076344817,ljuarez@powell.biz,325,51
Ульяна,Миронова,female,+79896552250,brian98@yahoo.com,852,1
Всемил,Белов,male,+79375985479,kevin65@scott-gordon.org,736,29
Эдуард,Горшков,male,+79295307844,robinsonjohn@williams.org,94,1
Никодим,Авдеев,male,+79424284485,cameron96@yahoo.com,637,8
Влас,Кудрявцев,male,+79913285247,william49@scott.com,6,2
Светозар,Одинцов,male,+79462980273,jenkinscharles@flores-hernandez.org,669,2
Глафира,Доронина,female,+79693212459,geraldfrancis@davis.org,683,50
Александра,Лыткина,female,+79741149405,gina94@mcdonald.biz,933,34
Наина,Назарова,female,+79572229201,gregory53@lin.com,963,31
Арефий,Игнатьев,male,+79229804028,jacob69@valdez.com,727,48
Надежда,Смирнова,female,+79192566930,owong@peterson.info,419,57
Евпраксия,Зуева,female,+79442907741,millerlauren@phillips.com,808,54
Федор,Филиппов,male,+79706084891,julieodom@yahoo.com,845,28
Татьяна,Агафонова,female,+79282205689,marshalljoseph@johnson-williams.com,647,2
Наталья,Логинова,female,+79698724298,udavis@cochran-holland.com,159,56
Борис,Богданов,male,+79430238892,boydmelissa@williams.com,799,13
Наина,Назарова,female,+79684979473,philip58@gmail.com,841,42
Алла,Ефимова,female,+79348913933,williamsmichelle@schneider.com,781,43
Изяслав,Петров,male,+79817138279,william03@brown-young.com,366,7
Сергей,Соболев,male,+79789671776,clarkmaureen@hotmail.com,792,27
Панфил,Юдин,male,+79800079120,brett30@rice.com,895,34
Ольга,Кондратьева,female,+79532071590,jacobkent@hotmail.com,711,27
Лавр,Носков,male,+79707866876,tiffanyday@gmail.com,862,58
Екатерина,Устинова,female,+79923769482,udavis@yahoo.com,189,36
Лора,Данилова,female,+79240680380,mariah11@lamb-logan.info,88,25
Прасковья,Третьякова,female,+79803152242,annarichardson@johnson-kelly.com,336,36
Таисия,Кудрявцева,female,+79080024657,crystal29@yahoo.com,988,36
Ермолай,Михеев,male,+79920148076,leonardtanner@yahoo.com,102,23
Твердислав,Лебедев,male,+79788179054,nicholsmarvin@yahoo.com,558,1
Денис,Коновалов,male,+79680166744,regina46@hotmail.com,644,16
Мариан,Ситников,male,+79386994279,michellehamilton@gmail.com,251,44
Леон,Якушев,male,+79835777164,robert51@crawford.org,578,45
Василий,Исаков,male,+79007062481,judithray@walker.com,448,44
Степан,Фролов,male,+79123643774,osmith@gmail.com,50,29
Всемил,Евсеев,male,+79379714871,jeffrey67@martinez.com,408,57
Вениамин,Гурьев,male,+79350556082,andrea14@garcia.com,164,1
Наум,Кулаков,male,+79334393391,arthur34@pittman-garcia.org,510,15
Авксентий,Цветков,male,+79511940027,angelakidd@olson.biz,713,17
Сократ,Тихонов,male,+79268513999,mary93@gmail.com,284,44
Степан,Фролов,male,+79855265304,michelle07@gmail.com,826,36
Филарет,Кондратьев,male,+79326232470,bmartinez@jimenez.com,206,23
Измаил,Захаров,male,+79367167902,toddmorgan@scott-phillips.com,886,14
Оксана,Ефремова,female,+79224196581,brenda68@hotmail.com,220,5
Зинаида,Кузнецова,female,+79584739984,laurenrobinson@gardner.com,567,15
Ростислав,Никифоров,male,+79565736591,matthewcontreras@lynn.com,937,36
Степан,Фролов,male,+79006666393,george11@gmail.com,24,53
Пелагея,Кудряшова,female,+79003866458,timothydelgado@yahoo.com,790,9
Платон,Исаев,male,+79716187206,hunterball@hotmail.com,208,21
Савва,Потапов,male,+79536505520,westregina@drake.com,1000,35
Виктор,Казаков,male,+79531259904,gloriameyer@hotmail.com,493,48
Порфирий,Белов,male,+79030434919,louis33@davis-moore.info,774,19
Марфа,Тимофеева,female,+79385864345,lindahicks@velazquez.net,160,53
Борис,Фокин,male,+79659091390,margaret52@gmail.com,356,4
Никифор,Рябов,male,+79259972105,piercejoshua@greene-nolan.com,237,20
Василиса,Павлова,female,+79970539863,michaelsmith@gmail.com,598,2
Валерьян,Гущин,male,+79271541231,ojones@gmail.com,539,2
Любовь,Емельянова,female,+79575069552,heather08@gmail.com,299,14
Людмила,Воронцова,female,+79383906217,jessicahorton@yahoo.com,640,11
Аникита,Веселов,male,+79493614119,melvinhawkins@jones.com,410,2
Исидор,Третьяков,male,+79426093702,gwatts@hotmail.com,797,1
София,Зыкова,female,+79146394264,paul02@johnson-reeves.com,70,36
Анна,Алексеева,female,+79044318608,carly51@wilson.net,649,2
Аникей,Котов,male,+79790761896,john83@yahoo.com,288,47
Рубен,Никифоров,male,+79899221014,toddanderson@hotmail.com,352,22
Тамара,Константинова,female,+79560529359,trose@howard-silva.com,919,2
Валерьян,Гущин,male,+79032546793,qfletcher@morrison.net,820,2
Прохор,Исаев,male,+79960576674,jacksonhansen@hotmail.com,919,52
Селиверст,Шашков,male,+79437643299,jennifer94@hotmail.com,947,11
Софон,Чернов,male,+79169115513,sullivannicholas@hotmail.com,936,2
Синклитикия,Никонова,female,+79336450787,reidbrittany@roberts.info,756,18
Милица,Орехова,female,+79213488469,yhayes@bell.com,965,9
Аникита,Владимиров,male,+79103267279,dfrazier@mendez.com,809,3
Максимильян,Устинов,male,+79937934204,aaron07@dunlap-johnson.biz,462,15
Терентий,Лыткин,male,+79031188211,timothyhill@winters.com,930,52
Мирон,Белозеров,male,+79259748723,robertford@parker.com,91,20
Лукия,Фомина,female,+79568308265,jacobsonchristina@hodges.com,643,21
Оксана,Большакова,female,+79607562839,xmoore@james.com,685,1
Таисия,Силина,female,+79541079548,daviskristen@yahoo.com,445,29
Виталий,Васильев,male,+79135085368,torreslindsey@yahoo.com,716,48
Агата,Авдеева,female,+79328728869,william12@yahoo.com,779,28
Всемил,Попов,male,+79618583504,maryconrad@hotmail.com,95,56
Изяслав,Петров,male,+79743800629,kelly67@gmail.com,492,11
Ангелина,Брагина,female,+79513896832,ian56@gmail.com,964,19
Ростислав,Виноградов,male,+79515855155,ichaney@gmail.com,89,3
Мария,Беляева,female,+79187708857,jennifer85@yahoo.com,778,54
Алина,Никифорова,female,+79338707445,velasquezkathryn@gmail.com,257,55
Оксана,Ефремова,female,+79125528191,markfox@hotmail.com,980,57
Афанасий,Потапов,male,+79831214794,drodriguez@hotmail.com,92,49
Нина,Селезнева,female,+79253454941,mcampos@hotmail.com,909,25
Чеслав,Ситников,male,+79121481642,pateldwayne@hotmail.com,558,28
Ангелина,Брагина,female,+79144447823,amberbarnes@gmail.com,186,58
Харлампий,Суханов,male,+79702137002,leslie84@hotmail.com,9,37
Татьяна,Ширяева,female,+79242800021,reesetom@hotmail.com,100,20
Михей,Сысоев,male,+79530886755,reedjoseph@conner-flores.net,709,51
Ростислав,Никифоров,male,+79221174590,uosborn@walker.biz,768,14
Селиверст,Тихонов,male,+79697581203,pstone@johnson.com,462,2
Савва,Лобанов,male,+79165800641,jessica57@zuniga.biz,195,2
Виктор,Игнатов,male,+79090640135,pughcarl@hotmail.com,409,10
Дементий,Устинов,male,+79409751552,silvajeffrey@cross.com,582,53
Майя,Фомина,female,+79451541431,petersonkaren@gmail.com,86,37
Владислав,Богданов,male,+79911134946,caroline95@gmail.com,649,45
Парамон,Кириллов,male,+79346375624,allisongraham@yahoo.com,23,17
Светлана,Виноградова,female,+79401449912,raymondjay@hotmail.com,856,29
Гаврила,Шестаков,male,+79085541393,gloriaconley@holland.biz,850,48
Ананий,Журавлев,male,+79964264544,turnerkathryn@parker.com,185,26
Дмитрий,Прохоров,male,+79837930526,timothygraham@yahoo.com,334,13
Иван,Богданов,male,+79791981294,parkerjustin@hotmail.com,157,23
Вера,Киселева,female,+79348844487,ubentley@yahoo.com,145,12
Алексей,Пестов,male,+79086878134,william83@yahoo.com,884,28
Тамара,Елисеева,female,+79451512119,kathrynturner@yahoo.com,568,33
Нонна,Лапина,female,+79507509170,hamiltonchad@santos.com,298,45
Аристарх,Капустин,male,+79737703289,tanya22@frye.org,693,8
Любовь,Кириллова,female,+79977780142,williamswilliam@gmail.com,337,19
Татьяна,Давыдова,female,+79561120590,mmooney@potts.com,876,26
Евфросиния,Жукова,female,+79494462388,thomas94@hotmail.com,61,44
Филипп,Пестов,male,+79306958056,scottterry@gmail.com,926,32
Всемил,Миронов,male,+79165565834,singhchad@hotmail.com,947,58
Всемил,Миронов,male,+79283090974,odonnellkimberly@moore-jones.com,896,48
Евдокия,Орлова,female,+79635031969,fischercynthia@calhoun-walton.com,15,14
Лазарь,Богданов,male,+79907341847,karendiaz@hotmail.com,417,7
Ульяна,Артемьева,female,+79624068879,gonzalezstephen@yahoo.com,207,6
Раиса,Кузнецова,female,+79223733870,april87@gomez.com,666,13
Валентин,Дмитриев,male,+79189417629,price@stuart-harris.com,427,5
Пантелеймон,Афанасьев,male,+79819984877,david55@smith.com,516,2
Регина,Козлова,female,+79503320163,mark29@yahoo.com,632,39
Чеслав,Степанов,male,+79921399448,kevinyork@hotmail.com,801,35
Алина,Фролова,female,+79670400749,andrew56@lewis-erickson.org,731,34
Ратибор,Самсонов,male,+79828837703,williampadilla@jackson-wilson.com,157,57
Стоян,Фомин,male,+79103030847,coreylopez@turner-harris.com,756,39
Ананий,Соболев,male,+79962025947,shannonirwin@yahoo.com,957,2
Юлия,Гурьева,female,+79841650009,staylor@yahoo.com,449,42
Ананий,Журавлев,male,+79806341004,jperez@davis-gardner.com,835,35
Савва,Потапов,male,+79574891217,rebeccahamilton@lee.com,598,41
Эрнст,Матвеев,male,+79570295721,denisecasey@beck.com,31,35
Наркис,Зыков,male,+79949783484,gonzaleznicole@gmail.com,989,8
Елизавета,Михеева,female,+79639530509,tabithawilliams@boyd.com,467,46
Кузьма,Горбачев,male,+79198044573,justindalton@smith-pennington.org,451,36
Фома,Титов,male,+79138377258,micheal75@hotmail.com,380,28
Феврония,Соколова,female,+79804840526,silvarebecca@gomez-taylor.info,504,16
Творимир,Орлов,male,+79608428078,uyang@fletcher.com,772,28
Иларион,Котов,male,+79060187838,gutierrezkara@walsh.com,890,26
Матвей,Буров,male,+79019015605,kennethrussell@wright.info,1000,48
Зинаида,Стрелкова,female,+79875702421,herbertlindsey@robinson.com,140,8
Аристарх,Силин,male,+79445890129,charles88@torres-west.com,456,18
Вероника,Крылова,female,+79381370419,alvinwilliams@yahoo.com,772,1
Спартак,Королев,male,+79143586513,barrerawendy@hotmail.com,251,50
Елизар,Беспалов,male,+79010842152,okline@graham-salazar.com,701,24
Лора,Прохорова,female,+79550894422,kaylamcdonald@yahoo.com,510,51
Степан,Фролов,male,+79068203310,amandacurry@gmail.com,590,16
Алла,Селиверстова,female,+79728099898,michelledonovan@davis.net,92,55
Фотий,Гаврилов,male,+79019870438,donna63@fields.org,537,13
Феврония,Блинова,female,+79922967674,jmorrison@yahoo.com,205,55
Вячеслав,Шестаков,male,+79876395162,danaburton@baker.com,377,17
Пелагея,Бобылева,female,+79895440248,watsondarin@burns-ramirez.com,858,38
Нина,Тетерина,female,+79021238669,yjacobs@white.org,893,1
Наина,Назарова,female,+79602405575,christinehuffman@wong.com,563,32
Лев,Никифоров,male,+79825074622,peter14@gmail.com,412,18
Сигизмунд,Назаров,male,+79691737535,richard11@anderson.biz,35,37
Любовь,Пахомова,female,+79249632926,amanda77@walsh.com,703,50
Дмитрий,Журавлев,male,+79696428383,amandabrown@rose.biz,969,37
Михаил,Русаков,male,+79347694111,traceyjones@gmail.com,540,22
Василиса,Филиппова,female,+79570740511,toddbrian@lang.com,209,8
Феликс,Михайлов,male,+79577268744,eolson@moore.com,720,24
Иларион,Котов,male,+79318140903,michellegonzalez@bowman-dunn.com,47,27
Мария,Панфилова,female,+79430689855,callison@gonzalez.org,884,32
Глеб,Трофимов,male,+79738500927,rmorgan@kennedy.com,312,15
Лариса,Якушева,female,+79579199187,klineheather@black.com,695,49
Маргарита,Панфилова,female,+79586502617,donna82@neal.com,326,42
Ксения,Васильева,female,+79607748655,khouston@cook.com,347,32
Леон,Якушев,male,+79598821075,kathleen49@hotmail.com,268,1
Алла,Цветкова,female,+79050548878,ejordan@yahoo.com,599,1
Велимир,Богданов,male,+79579192937,angela30@yahoo.com,283,33
Климент,Тетерин,male,+79545662795,shanson@gmail.com,256,49
Болеслав,Быков,male,+79892090875,anthonyfrazier@proctor-williamson.com,614,43
Марфа,Щукина,female,+79897493254,kevin86@ortiz.com,73,24
Милий,Лебедев,male,+79628051598,tharris@gmail.com,164,28
Иванна,Крылова,female,+79497305084,angela32@yahoo.com,229,36
Чеслав,Степанов,male,+79993107932,wrobertson@gonzalez.info,32,2
Маргарита,Панфилова,female,+79202059007,andrew66@wilson-ali.org,529,1
Зоя,Одинцова,female,+79276477006,daniel35@holt.biz,439,40
Василиса,Павлова,female,+79842208636,ahicks@campbell-banks.org,674,44
Клавдия,Горбачева,female,+79914399891,sthomas@hotmail.com,371,32
Платон,Исаев,male,+79173534760,elizabethreeves@hotmail.com,458,49
Феврония,Блинова,female,+79679246214,bkrause@james.info,532,38
Галина,Филиппова,female,+79590847619,nathanclark@yahoo.com,716,58
Самсон,Силин,male,+79787104075,carterantonio@mendoza-hanna.biz,772,31
Оксана,Афанасьева,female,+79713086087,laurarush@gmail.com,795,23
Владислав,Кулагин,male,+79249755083,matthew88@gmail.com,939,33
Нестор,Антонов,male,+79040771360,raven54@gmail.com,289,26
Харитон,Крылов,male,+79129616496,kyleavila@lopez.com,394,11
Маргарита,Сафонова,female,+79939194257,andreasaunders@yahoo.com,303,40
Мария,Беляева,female,+79484195762,ygomez@jones.com,26,2
Боян,Уваров,male,+79172116262,benjamin14@mack.com,253,40
Евдокия,Попова,female,+79983538923,madelinehood@yahoo.com,696,14
Харитон,Крылов,male,+79869997968,yallen@wilcox.com,126,35
Тамара,Шашкова,female,+79369147046,umcgee@fernandez.com,874,2
Ия,Третьякова,female,+79010392209,spencer63@blackwell.com,574,39
Октябрина,Архипова,female,+79081514672,julie22@bartlett-brown.org,288,25
Анжела,Ковалева,female,+79143925795,alicehall@gmail.com,455,14
Нинель,Самсонова,female,+79148234891,crowland@hotmail.com,504,28
Лидия,Колобова,female,+79689260923,guerraray@garcia.com,172,17
Конон,Буров,male,+79534659572,jason60@yahoo.com,908,2
Любовь,Воронова,female,+79378397063,robert71@swanson.com,779,48
Тамара,Доронина,female,+79025678575,gomezgary@yahoo.com,263,50
Нинель,Никифорова,female,+79669795168,joliver@cobb-stephens.net,499,2
Филарет,Суворов,male,+79398443251,miranda38@lewis.org,964,31
Евстафий,Анисимов,male,+79016950999,cdixon@gmail.com,641,32
Полина,Никонова,female,+79768410168,jessefoster@hotmail.com,891,47
Юлия,Колобова,female,+79799353579,riveraeric@young-lee.com,938,1
Прасковья,Алексеева,female,+79378339317,lambertjesse@hotmail.com,885,36
Маргарита,Панфилова,female,+79751105586,duanelutz@yahoo.com,937,50
Олег,Осипов,male,+79436570377,jose27@yahoo.com,687,44
Анастасия,Анисимова,female,+79267278478,lmartinez@todd.com,589,46
Светозар,Виноградов,male,+79238637177,emeyers@hartman-ochoa.info,143,28
Валерия,Некрасова,female,+79739701926,zacharyharris@gmail.com,184,47
Силантий,Кудрявцев,male,+79268877748,acontreras@francis.com,385,29
Марфа,Щукина,female,+79114580705,pbanks@hotmail.com,900,14
Эрнест,Зыков,male,+79935112860,alexanderdavid@hotmail.com,159,50
Клавдий,Исаков,male,+79112956292,david83@li.com,666,37
Глафира,Дементьева,female,+79459172976,kevin20@hotmail.com,895,54
Харитон,Козлов,male,+79396070511,jordanlaura@hotmail.com,963,1
Дарья,Щукина,female,+79467107222,eric56@clark-martin.com,691,45
Ипполит,Родионов,male,+79320051469,jennifercombs@gmail.com,175,32
Клавдий,Веселов,male,+79094297067,alexander78@gmail.com,580,44
Ангелина,Гусева,female,+79754964310,martindonald@yahoo.com,45,30
Марфа,Гаврилова,female,+79141298755,ethandavis@johnson-grant.org,106,49
Игнатий,Козлов,male,+79406793070,joearnold@brown.com,82,21
Пелагея,Максимова,female,+79897270267,ihernandez@yahoo.com,740,4
Надежда,Михайлова,female,+79913507495,ballbethany@booth.biz,396,33
Феврония,Красильникова,female,+79029114927,erika08@gmail.com,990,18
Вышеслав,Фомичев,male,+79187585545,ireed@jackson.biz,568,14
Лариса,Якушева,female,+79351484154,turnerjoyce@kelley.biz,732,8
Алина,Большакова,female,+79443033200,bennettdebra@dean.com,972,15
Елисей,Рыбаков,male,+79087018567,norrisdanielle@barrett.biz,671,31
Прасковья,Алексеева,female,+79383874256,jessica58@hotmail.com,946,4
Пантелеймон,Филиппов,male,+79510865709,bradpreston@yahoo.com,984,1
Агафья,Кулагина,female,+79179954130,vrogers@thornton-jackson.net,443,2
Артем,Устинов,male,+79453182631,brittany19@spencer.info,585,16
Лариса,Шашкова,female,+79488319095,bwhite@gmail.com,803,2
Варвара,Костина,female,+79925367383,ofoster@carlson.com,276,2
Татьяна,Доронина,female,+79387878130,allenfreeman@hotmail.com,589,4
Егор,Игнатов,male,+79483512571,ronniesampson@yahoo.com,776,41
Екатерина,Кабанова,female,+79948274766,staceyowen@mccormick-cross.com,953,51
Авксентий,Анисимов,male,+79867981344,angelawells@anderson.com,36,27
Лазарь,Захаров,male,+79698276219,xowen@yahoo.com,293,49
Светлана,Виноградова,female,+79377781649,gellis@gmail.com,94,32
Порфирий,Макаров,male,+79963799724,rmoore@santos-west.com,398,9
Азарий,Бирюков,male,+79723309756,ramirezbrandon@gmail.com,248,4
Юлия,Красильникова,female,+79867363167,joseph56@king-garcia.com,868,2
Лукия,Дроздова,female,+79453649578,christopher50@hotmail.com,673,10
Маргарита,Сафонова,female,+79148464209,brandigarcia@yahoo.com,123,8
Фома,Авдеев,male,+79278439385,schultzmichael@yahoo.com,511,26
Алина,Казакова,female,+79251760723,sjohnson@yahoo.com,933,47
Зосима,Мельников,male,+79548541536,ethan89@robertson.biz,547,6
Валерий,Маслов,male,+79424291476,johnsonsteve@hotmail.com,793,1
Оксана,Ефремова,female,+79012889185,swansonjacob@hotmail.com,912,10
Лариса,Бобылева,female,+79984408382,lmyers@pacheco.com,425,13
Филимон,Ситников,male,+79348716971,tricia56@martinez.com,575,57
Алина,Казакова,female,+79143185534,dudleystephen@yahoo.com,914,40
Марфа,Тимофеева,female,+79612848863,alisha36@yahoo.com,973,25
Всеслав,Третьяков,male,+79975462853,scasey@patel.com,792,4
Наталья,Никифорова,female,+79732336871,harrispaul@johnston-perkins.com,774,34
Капитон,Пономарев,male,+79912105179,marqueztodd@hopkins.biz,112,8
Ладимир,Гришин,male,+79296359328,andreastewart@gmail.com,20,44
Данила,Абрамов,male,+79260456249,zhudson@yahoo.com,604,33
Данила,Абрамов,male,+79310535670,cnichols@daniels-myers.com,375,57
Кузьма,Горбачев,male,+79655481083,brandonrobles@yahoo.com,197,1
Валентин,Дмитриев,male,+79365001281,mariahthomas@richardson.com,117,56
Исидор,Третьяков,male,+79661823505,rebekahjarvis@matthews.biz,728,37
Макар,Федоров,male,+79835214238,nathan18@lee.net,447,13
Изяслав,Соколов,male,+79872698711,christopher66@davidson-evans.com,820,14
Ян,Логинов,male,+79370870903,edwardwatts@king.com,109,19
Марина,Трофимова,female,+79381073337,bridgestaylor@ramos-franklin.com,294,6
Прокофий,Степанов,male,+79835031134,rrussell@gmail.com,315,17
Лариса,Гуляева,female,+79868616164,jill17@fernandez.com,237,48
Якуб,Куликов,male,+79462691382,osborneamy@hotmail.com,338,48
Фотий,Смирнов,male,+79144794414,brandoncline@walker.net,913,1
Алла,Селиверстова,female,+79786766957,michaellewis@hotmail.com,17,58
Прокофий,Виноградов,male,+79569093966,susan29@thompson.com,660,8
Вероника,Кудряшова,female,+79810490225,karencampbell@phelps-harris.com,250,1
Игорь,Тимофеев,male,+79857556348,mackenzie92@boyle.com,416,23
Елизавета,Мясникова,female,+79997183052,lauraparker@melendez-villanueva.info,217,51
Елизавета,Михеева,female,+79437599975,paulwall@gmail.com,441,30
Агафья,Кулагина,female,+79236714551,butlernancy@rivera.com,392,57
Алла,Ефимова,female,+79907637878,cindy95@gmail.com,447,52
Владислав,Богданов,male,+79183506101,aguilarchristopher@yahoo.com,185,2
Олимпий,Мухин,male,+79688659858,amber88@hotmail.com,88,2
Клавдий,Исаков,male,+79566283644,dthomas@yahoo.com,128,34
Евпраксия,Маслова,female,+79173910248,andrew05@cox-fletcher.org,725,45
Ростислав,Виноградов,male,+79457770879,lcollins@rojas.biz,396,2
Август,Гришин,male,+79172402182,jjohnson@hotmail.com,670,29
Пантелеймон,Филиппов,male,+79024140971,nicholsonstephen@gmail.com,306,11
Иванна,Крылова,female,+79480666116,joshuabriggs@gmail.com,42,2
Лукия,Шестакова,female,+79991817803,cooperthomas@arias-richmond.com,728,10
Афиноген,Быков,male,+79770292350,hillkevin@parker.com,703,35
Марфа,Орехова,female,+79820669540,robert46@robinson.com,422,39
Лидия,Колобова,female,+79493547003,wwong@gmail.com,874,4
Наина,Терентьева,female,+79077720163,jennifer44@gmail.com,907,51
Октябрина,Нестерова,female,+79852710336,vsmith@brown.com,253,4
Татьяна,Давыдова,female,+79801197813,douglas61@gmail.com,672,48
Сергей,Соболев,male,+79961888337,cbrown@johnson-burns.com,221,13
Синклитикия,Попова,female,+79875027376,michaelchavez@hotmail.com,671,14
Ладимир,Гришин,male,+79450723216,rpoole@gmail.com,500,9
Наина,Назарова,female,+79299871482,millerkelsey@burgess.com,365,15
Иванна,Пономарева,female,+79964729583,amartinez@hotmail.com,952,10
Панкрат,Зайцев,male,+79311159500,brandon01@foster-perez.com,658,37
Юлиан,Блинов,male,+79973401142,bradleylopez@riley.com,584,39
Константин,Голубев,male,+79572094829,morgankatelyn@hotmail.com,114,10
Синклитикия,Лаврентьева,female,+79947196227,imcneil@gmail.com,532,50
Афиноген,Суворов,male,+79346895428,courtney92@yahoo.com,251,16
Роман,Александров,male,+79462318557,mark88@mcknight.com,418,52
Рюрик,Колесников,male,+79928602101,cking@roy.com,483,22
Валентина,Осипова,female,+79146170017,gregoryramsey@gmail.com,89,48
Чеслав,Ширяев,male,+79392777334,wesley29@morgan.net,315,2
Кузьма,Горбачев,male,+79177622146,mccormickjasmine@mullins.net,855,57
Савва,Потапов,male,+79466858493,lcobb@thomas.biz,419,2
Прокл,Ефремов,male,+79985605740,cassiethompson@yahoo.com,170,19
Ювеналий,Гаврилов,male,+79604733130,nicole43@gmail.com,936,55
Ангелина,Исакова,female,+79911014742,paula90@miller.biz,47,27
Панфил,Юдин,male,+79662799652,kimberly11@ford-olsen.info,323,40
Зинаида,Рожкова,female,+79249229699,tyler15@hotmail.com,466,57
Егор,Игнатов,male,+79676518222,brian66@jones.org,142,11
Агата,Щукина,female,+79064440015,vbowers@gmail.com,710,3
Алла,Селиверстова,female,+79139682179,erikapoole@nelson-bender.com,790,46
Иванна,Федосеева,female,+79740436599,nguyentiffany@martinez.org,136,38
Измаил,Захаров,male,+79644755830,pfreeman@gmail.com,772,10
Семен,Ефимов,male,+79499862634,williamsbobby@hotmail.com,264,24
Виталий,Блинов,male,+79189131057,erica09@murphy-dudley.info,565,41
Чеслав,Ситников,male,+79051522683,vrodriguez@yahoo.com,239,58
Регина,Козлова,female,+79952025820,jonathanlowery@hotmail.com,170,6
Наталья,Федосеева,female,+79236101085,nicholas02@wilson-cole.com,789,50
Алина,Воронова,female,+79044847714,ogonzalez@johnson.org,979,11
Илья,Юдин,male,+79822060302,nathan32@rivera-gonzalez.com,765,17
Рюрик,Гусев,male,+79138577125,chadali@gmail.com,858,14
Наталья,Терентьева,female,+79013669912,katherine98@farmer-brown.com,856,33
Милица,Самсонова,female,+79816926725,terrystephanie@hotmail.com,422,1
Елизавета,Маркова,female,+79169667466,gary68@yahoo.com,704,20
Лукия,Фомина,female,+79085008717,michele01@carr-green.com,862,23
Елена,Кудряшова,female,+79818123056,robertsjustin@gmail.com,828,50
Евпраксия,Зуева,female,+79611038656,kelliarmstrong@hotmail.com,489,34
Артем,Устинов,male,+79845350847,sramirez@gmail.com,838,52
Лаврентий,Титов,male,+79095686102,amy71@thomas.net,564,50
Агафья,Назарова,female,+79227185335,samanthamayo@hudson.org,752,36
Платон,Исаев,male,+79829214895,kendra04@mcdaniel.com,695,31
Порфирий,Макаров,male,+79143115471,jamesdevon@gmail.com,847,46
Елизавета,Владимирова,female,+79119396921,kristenpark@gmail.com,642,42
Евдокия,Цветкова,female,+79831190579,cruzdavid@singleton-ramirez.com,119,55
Зосима,Воробьев,male,+79328577162,lmitchell@walker-savage.info,529,1
Юлиан,Суханов,male,+79238054493,brownkevin@martin.biz,941,12
Мирон,Белозеров,male,+79810725928,erica93@gomez-mitchell.com,397,5
Феликс,Лыткин,male,+79532525764,emily88@hotmail.com,747,2
Лидия,Шарова,female,+79783104194,andrewwilliams@gmail.com,267,31
Ульяна,Соболева,female,+79051829497,ricky29@kelley-smith.info,24,36
Юлиан,Суханов,male,+79256290320,lisa38@gmail.com,518,39
Регина,Коновалова,female,+79431115835,kimeric@gmail.com,327,37
Ульяна,Турова,female,+79425997762,hbartlett@hutchinson.com,651,30
Оксана,Жукова,female,+79664629233,matthewpowell@yahoo.com,67,16
Федор,Филиппов,male,+79167476360,tyler06@sanders.com,605,53
Карп,Соболев,male,+79993393666,curtis74@gmail.com,504,1
Александра,Егорова,female,+79605391321,matthew31@hotmail.com,474,3
Глафира,Дементьева,female,+79964330651,krista62@patel.com,837,41
Александр,Панфилов,male,+79910728446,sarahlawson@gmail.com,977,54
Клавдия,Мясникова,female,+79547851101,douglasalexander@gordon-brady.com,971,7
Прасковья,Тихонова,female,+79170979546,glambert@hotmail.com,688,58
Светлана,Виноградова,female,+79450055262,leahpetersen@yahoo.com,775,55
Дарья,Михайлова,female,+79116384416,riveraruth@pierce.biz,354,57
Лариса,Третьякова,female,+79954990172,alexiscoffey@jones.com,312,10
Дарья,Щукина,female,+79104661010,michaelrich@yahoo.com,982,26
Иванна,Логинова,female,+79915835933,laurajefferson@hogan-powers.com,576,19
Антонина,Пестова,female,+79644323364,carlsonpaula@gmail.com,952,41
Евграф,Веселов,male,+79676369861,kayla65@yahoo.com,640,36
Феврония,Красильникова,female,+79960504403,david37@robinson.com,201,8
Анжела,Ковалева,female,+79018089153,tammy91@paul-curtis.net,110,16
Валерия,Некрасова,female,+79370428627,rhood@yahoo.com,30,9
Василиса,Громова,female,+79059015398,julian76@dean.com,981,17
Семен,Ефимов,male,+79785767642,lijennifer@hotmail.com,730,39
Самсон,Силин,male,+79888332117,lynnsteven@york.net,485,2
Глеб,Трофимов,male,+79576387642,gonzaleznicholas@gmail.com,155,15
Филипп,Пестов,male,+79644917370,theresa62@mitchell.com,604,14
Вера,Стрелкова,female,+79207155017,vwarren@bennett-liu.info,754,28
Эмилия,Щербакова,female,+79753119247,nataliebrooks@yahoo.com,73,2
Олег,Осипов,male,+79673595471,qmatthews@hotmail.com,420,13
Константин,Голубев,male,+79363512916,vwilliams@gmail.com,232,1
Евпраксия,Алексеева,female,+79720149938,blackrebecca@daugherty-johnson.info,163,31
Спартак,Королев,male,+79137739008,mannpaul@pruitt.org,416,28
Наум,Брагин,male,+79042665217,johnmiller@gmail.com,249,15
Лариса,Бобылева,female,+79828167843,iclark@hotmail.com,962,44
Рюрик,Филиппов,male,+79294982834,sherri61@jones-chavez.biz,851,2
Валерий,Евсеев,male,+79438029914,vwebb@yahoo.com,46,45
Никита,Моисеев,male,+79239490629,marilyn14@carlson.org,496,14
Сидор,Беляев,male,+79429845250,lucasjohnson@elliott-sanchez.org,100,21
Светозар,Одинцов,male,+79843424323,hamptonmichael@gmail.com,89,38
Лидия,Мишина,female,+79578922004,osmith@yahoo.com,219,7
Лариса,Гуляева,female,+79005051674,andersonamy@hotmail.com,59,46
Валентина,Аксенова,female,+79904584019,kevin14@garrett.info,633,57
Порфирий,Макаров,male,+79319392722,scottyoung@reynolds.org,775,1
Изяслав,Соколов,male,+79864876546,jamesbrown@sanders-holden.com,91,8
Наина,Федорова,female,+79622458266,ybennett@hotmail.com,804,41
Глафира,Медведева,female,+79142034087,snyderedward@park.com,569,38
Гремислав,Николаев,male,+79381507736,bartlettleslie@gmail.com,948,53
Анна,Ширяева,female,+79571548752,ralexander@gmail.com,52,2
Валентина,Некрасова,female,+79400774612,reyesrobert@hurst.org,305,20
Аскольд,Цветков,male,+79836374014,aguilarjerry@williams.info,14,2
Агафья,Белова,female,+79968042557,holtalexandria@hotmail.com,104,35
Мир,Виноградов,male,+79123172075,colemanelijah@yahoo.com,763,1
Вера,Шилова,female,+79499110941,tdavis@hotmail.com,895,26
Нина,Никонова,female,+79386026991,christy36@gmail.com,621,43
Кузьма,Горбачев,male,+79956275058,nicholas78@yahoo.com,28,42
Раиса,Панова,female,+79635123050,michael05@yahoo.com,477,2
Савва,Денисов,male,+79809644996,emilybarker@foster-williams.com,257,48
Анжелика,Сафонова,female,+79928543413,barryvincent@castro.com,603,4
Анатолий,Силин,male,+79592101258,brittanyclark@rivers.net,543,35
Синклитикия,Герасимова,female,+79205870892,phillipsadam@alexander-mcguire.com,326,5
Ульяна,Соболева,female,+79063386953,uallen@gmail.com,541,39
Дарья,Беспалова,female,+79538527015,kimberly72@yahoo.com,922,19
Октябрина,Волкова,female,+79483214733,diana82@hotmail.com,733,33
Раиса,Крюкова,female,+79310278605,holly10@yahoo.com,396,1
Юлиан,Суханов,male,+79064963850,tvargas@hotmail.com,159,15
Алина,Казакова,female,+79305519980,staceyjones@reid.info,610,39
Евфросиния,Уварова,female,+79132604361,zachary20@roberts.com,539,25
Селиверст,Шашков,male,+79883570338,jerrypeterson@fry.com,31,7
Лучезар,Карпов,male,+79702318478,theresa92@brown.org,115,44
Зосима,Киселев,male,+79709334301,ztorres@gmail.com,112,21
Агафья,Кошелева,female,+79588410510,greenmarissa@gmail.com,731,1
Нина,Никонова,female,+79543136741,larrydougherty@yahoo.com,735,3
Олимпиада,Матвеева,female,+79152034817,igood@hotmail.com,358,4
Гордей,Егоров,male,+79241766884,rodriguezrichard@hotmail.com,321,21
Пелагея,Максимова,female,+79775208278,graysean@yahoo.com,564,44
Спартак,Шаров,male,+79191418757,simmonsjose@smith.org,866,26
Фёкла,Козлова,female,+79142859768,vanessa32@gonzalez-curry.com,595,57
Матвей,Михеев,male,+79200591569,graybrianna@blair.org,745,23
Жанна,Воронцова,female,+79109180878,chenchristy@boone.com,946,36
Тамара,Пономарева,female,+79407554519,guzmankatherine@wells.biz,968,48
Эрнест,Мамонтов,male,+79554920967,bryan60@perez.com,215,5
Октябрина,Степанова,female,+79865531324,jerrylopez@hughes.com,874,25
Изяслав,Петров,male,+79474890493,qallen@gmail.com,87,39
Ладимир,Гришин,male,+79581093393,michaelcarter@gmail.com,727,40
Роман,Александров,male,+79794910962,mcmillaneric@gmail.com,513,13
Елисей,Степанов,male,+79293991956,mary48@taylor.org,744,11
Болеслав,Быков,male,+79033357848,lcampbell@johnson-foster.org,66,57
Аскольд,Горбунов,male,+79154666188,jking@davis-davis.biz,607,57
Марк,Артемьев,male,+79766075031,xbell@nelson.info,842,33
Алла,Селиверстова,female,+79123991216,steven24@carter.com,43,10
Алла,Ефимова,female,+79843141204,perezjohn@yahoo.com,408,36
Алла,Ершова,female,+79765457072,rocharebecca@morales.com,684,2
Емельян,Дроздов,male,+79306666645,monica38@yahoo.com,404,6
Назар,Коновалов,male,+79886364980,sharon18@gmail.com,730,10
Дарья,Богданова,female,+79430661742,nancypacheco@harrison-anderson.biz,839,1
Денис,Коновалов,male,+79062204123,william96@carter-fletcher.info,288,17
Исидор,Третьяков,male,+79365125539,elizabethhouston@yahoo.com,624,34
Ульяна,Миронова,female,+79953371551,russell51@gmail.com,563,23
Нина,Кулакова,female,+79852568042,lindsayhenry@gmail.com,171,31
Соломон,Лебедев,male,+79376151506,michael23@cooper.com,495,52
Всемил,Гуляев,male,+79308567448,prhodes@hotmail.com,196,50
Регина,Егорова,female,+79288447343,hvasquez@gmail.com,172,46
Валерия,Одинцова,female,+79524312382,bclark@nichols-henderson.org,818,24
Вероника,Крылова,female,+79570711413,jamesholland@gmail.com,800,10
Ипполит,Родионов,male,+79436598564,sjones@gibson-hernandez.com,832,1
Чеслав,Ширяев,male,+79421403979,hblackburn@yahoo.com,99,23
Мария,Мельникова,female,+79938261027,gina87@hotmail.com,166,7
Родион,Большаков,male,+79904723243,ethomas@yahoo.com,192,12
Фока,Шаров,male,+79721260183,jramirez@villa.biz,571,52
Ульяна,Дроздова,female,+79324959653,luis13@gmail.com,403,41
Амос,Гришин,male,+79405980955,samuel75@moore.com,628,44
Ангелина,Исакова,female,+79081857977,dana77@yahoo.com,259,8
Пахом,Силин,male,+79251907690,ustein@yahoo.com,832,45
Павел,Аксенов,male,+79039234437,tanyadiaz@hotmail.com,825,47
Ипатий,Мамонтов,male,+79331089787,nsmith@hoover-long.com,56,51
Ипполит,Родионов,male,+79149375323,wesleykim@mcintyre-wagner.com,958,12
Евгения,Логинова,female,+79433529260,paula76@rocha.com,374,3
Нина,Блохина,female,+79954757364,austin91@porter.info,621,35
Боян,Уваров,male,+79437040571,deanleonard@gmail.com,20,11
Пров,Туров,male,+79256771500,paul02@yahoo.com,674,33
Антип,Цветков,male,+79293378747,ericklein@gmail.com,138,25
Анна,Лебедева,female,+79652186645,jaredhays@harvey-ramirez.com,259,10
Нестор,Кононов,male,+79971130310,ochoaemma@howard.com,100,22
Филимон,Федоров,male,+79378406359,andersonrachael@hernandez.com,316,50
Анастасия,Панова,female,+79902931305,jaime38@taylor.com,493,7
Ирина,Хохлова,female,+79049679157,marcrodriguez@gmail.com,173,21
Якуб,Куликов,male,+79234491993,hcalhoun@robbins-dunlap.com,568,2
Анжелика,Сафонова,female,+79440694815,chasethomas@yahoo.com,600,13
Виктор,Казаков,male,+79630810026,wendy73@wilson.net,859,13
Жанна,Белозерова,female,+79800719284,clarkemily@haynes.com,54,54
Маргарита,Емельянова,female,+79265756005,valenzuelachristopher@nichols.net,507,55
Галактион,Терентьев,male,+79162290952,kbaker@yahoo.com,70,2
Нонна,Лапина,female,+79194686714,christopherpope@hotmail.com,785,51
Олег,Самойлов,male,+79865671616,andrea19@gmail.com,845,36
Виктория,Рыбакова,female,+79164943575,agordon@cox.org,356,53
Анжела,Рябова,female,+79314750392,morenoronald@yahoo.com,888,55
Анжела,Давыдова,female,+79524636957,eric88@mosley-deleon.org,35,21
Антонина,Блохина,female,+79093118149,johnsonrichard@yahoo.com,650,50
Агафья,Кошелева,female,+79407890087,svargas@hotmail.com,165,25
Пантелеймон,Афанасьев,male,+79719595088,chad58@gmail.com,194,4
Каллистрат,Елисеев,male,+79494798723,waltervega@rodriguez.com,274,5
Мстислав,Савин,male,+79207853898,wrightjerry@gmail.com,759,36
Елена,Филиппова,female,+79788554619,robertrodriguez@gmail.com,849,7
Федор,Филиппов,male,+79208401803,robinsonholly@weaver.com,888,45
Климент,Лобанов,male,+79075011367,gregorywilson@yahoo.com,350,4
Ананий,Журавлев,male,+79872839627,steve11@hotmail.com,267,27
Лора,Филиппова,female,+79827416579,katherine15@hotmail.com,29,1
Виктория,Данилова,female,+79696947022,djohnson@hotmail.com,165,3
Ульяна,Дроздова,female,+79534095172,jmccall@moore-johnson.info,138,2
Людмила,Лобанова,female,+79520745310,christianstevens@hines.com,19,22
Азарий,Бирюков,male,+79907074246,mark12@yahoo.com,956,51
Наталья,Терентьева,female,+79349748349,josephfisher@yahoo.com,854,9
Лукия,Баранова,female,+79076506083,zbrown@martin.com,538,57
Климент,Лобанов,male,+79968118190,justinchapman@murray.com,521,2
Будимир,Павлов,male,+79172728420,fieldsjames@yahoo.com,630,11
Порфирий,Наумов,male,+79819679389,hunterscott@yahoo.com,704,34
Фома,Авдеев,male,+79583333085,kelly33@benitez-mitchell.com,60,39
Владислав,Соболев,male,+79637928969,ojohnston@gmail.com,1,25
Виктория,Афанасьева,female,+79517756921,andersonmark@anderson.net,776,8
Эдуард,Горшков,male,+79006350126,calvin79@day-avery.info,368,22
Лора,Емельянова,female,+79380738617,michael32@gmail.com,783,9
Клавдия,Мясникова,female,+79754604311,monique53@watts.org,883,2
Любовь,Орехова,female,+79571671218,rhonda17@hotmail.com,657,27
Мартьян,Меркушев,male,+79183512400,susan38@avila.org,370,25
Варфоломей,Воронцов,male,+79457801465,paulayoung@gallegos.com,912,19
Любовь,Воронова,female,+79703163061,hernandezmelissa@gmail.com,666,29
Аркадий,Козлов,male,+79867305163,kmurphy@clark.com,629,24
Борис,Миронов,male,+79944131271,sabrinawillis@yahoo.com,502,16
Вероника,Анисимова,female,+79257326139,careybethany@jones-wilkins.com,525,27
Ефрем,Симонов,male,+79147124176,david86@hotmail.com,759,35
Надежда,Михайлова,female,+79833496204,evanjohnson@hotmail.com,436,55
Екатерина,Маслова,female,+79895185908,warddebra@french.com,67,2
Агата,Давыдова,female,+79073553372,danielle55@yahoo.com,283,7
Всемил,Миронов,male,+79921086571,jessica05@gmail.com,920,1
Ярополк,Котов,male,+79596315745,richardwells@chapman-chaney.com,971,48
Синклитикия,Герасимова,female,+79926222753,ashley93@marsh-lee.com,351,48
Светозар,Туров,male,+79600985524,robertsonkathleen@yahoo.com,508,33
Татьяна,Ширяева,female,+79069022252,ruben22@gmail.com,455,2
Алевтина,Моисеева,female,+79946511936,kayla82@hotmail.com,528,1
Лариса,Бобылева,female,+79204103806,thomasveronica@yahoo.com,586,2
Эмилия,Щербакова,female,+79484241972,kingmatthew@wise-strickland.com,298,1
Трофим,Прохоров,male,+79933128515,johnnyshepherd@allen-reed.biz,617,32
Никодим,Авдеев,male,+79153480313,danielspencer@chambers.com,961,21
Остап,Тетерин,male,+79050047733,gregory06@bell.info,682,2
Милица,Трофимова,female,+79114238784,moodyshelley@young.net,42,25
Афиноген,Блохин,male,+79203547910,gonzalezricky@haynes-rich.com,627,43
Алина,Фадеева,female,+79243023970,dianamiller@smith.com,452,52
Наркис,Зыков,male,+79041062731,igomez@bailey.info,131,17
Жанна,Пономарева,female,+79975692408,campbelltom@bennett-patel.com,71,24
Зинаида,Фомина,female,+79498988826,xdavis@hotmail.com,26,3
Агафон,Шестаков,male,+79660848654,katelyn58@camacho-pena.org,837,37
Сильвестр,Давыдов,male,+79508961219,bennetttrevor@gmail.com,24,48
Остап,Тетерин,male,+79316241584,christopher39@baker.org,460,1
Оксана,Беспалова,female,+79368403808,alejandrabenson@hotmail.com,177,31
Леонтий,Стрелков,male,+79617643764,maria08@gmail.com,710,43
Аристарх,Орлов,male,+79358621426,ygilbert@gmail.com,62,15
Агата,Давыдова,female,+79101255821,cartersabrina@hotmail.com,305,32
Аристарх,Орлов,male,+79713055118,cohenbrittany@yahoo.com,517,35
Зинаида,Рожкова,female,+79053882982,jjenkins@yahoo.com,888,19
Михей,Виноградов,male,+79288992336,qlutz@yahoo.com,454,55
Любим,Степанов,male,+79509238362,cwright@yahoo.com,257,12
Евпраксия,Алексеева,female,+79063924821,rjensen@jones.net,38,36
Алла,Артемьева,female,+79094301998,williamsvickie@hotmail.com,302,1
Аркадий,Беляков,male,+79481380948,penajill@hotmail.com,155,23
Алевтина,Петухова,female,+79670957714,dawsonkelli@yahoo.com,329,12
Евпраксия,Кириллова,female,+79094814519,hsanchez@barnett.org,901,22
Матвей,Михеев,male,+79967251355,mike70@george-warner.info,749,35
Всемил,Миронов,male,+79186203277,jfields@hotmail.com,928,12
Афиноген,Суворов,male,+79319951222,anorman@hotmail.com,406,27
Марфа,Медведева,female,+79338602197,justingardner@yahoo.com,644,6
Трофим,Большаков,male,+79849086797,christina97@cervantes.info,123,50
Евдокия,Попова,female,+79232943934,randolphalejandro@faulkner.com,310,46
Октябрина,Дмитриева,female,+79739627254,andersonwilliam@yahoo.com,750,34
Ульяна,Кириллова,female,+79740000573,miguelroberts@moon.org,974,2
Людмила,Князева,female,+79369542299,qatkinson@rubio.com,262,5
Марина,Трофимова,female,+79864163347,william36@garner.info,351,20
Вера,Киселева,female,+79198060814,zwhite@jones.com,320,37
Синклитикия,Герасимова,female,+79830284089,dkrause@hotmail.com,649,29
Сократ,Волков,male,+79874122858,michelle90@anderson.org,93,23
Артемий,Титов,male,+79051446164,kennethlindsey@yahoo.com,829,35
Виктория,Дроздова,female,+79601110990,ewade@munoz.com,792,21
Ипатий,Киселев,male,+79403276645,rebeccajohnson@gmail.com,637,48
Матвей,Егоров,male,+79950601076,riveralori@hotmail.com,894,1
Анастасия,Тимофеева,female,+79333425616,paynebrandi@yahoo.com,660,57
Милован,Власов,male,+79938016495,william60@hotmail.com,568,47
Варвара,Костина,female,+79355117701,victoria06@perez-hernandez.com,195,1
Мирослав,Уваров,male,+79717944615,anthonyortiz@gmail.com,519,48
Елизавета,Степанова,female,+79594444437,sandovalscott@torres.com,736,2
Светлана,Абрамова,female,+79009292138,ebarker@smith-khan.com,816,33
Алина,Никифорова,female,+79244620038,christensenbrenda@ramirez-wright.biz,568,9
Вацлав,Быков,male,+79212598435,amanda37@hill-davis.org,414,33
Бажен,Андреев,male,+79902938636,traciehart@gmail.com,442,57
Андроник,Мельников,male,+79954142550,aaron91@yahoo.com,837,2
Агафья,Ефремова,female,+79161684954,kaitlyn97@hotmail.com,751,12
Карп,Соболев,male,+79910248148,scollier@hotmail.com,857,15
Мстислав,Савин,male,+79368054402,millerwilliam@hotmail.com,900,26
Ипполит,Щербаков,male,+79532948363,caleb97@hotmail.com,355,26
Алла,Селиверстова,female,+79341751973,stevenjohnston@yahoo.com,387,1
Вера,Стрелкова,female,+79113048048,andrewcrane@evans-valencia.com,930,1
Любовь,Сысоева,female,+79307436045,jesse97@hotmail.com,499,2
Лавр,Белозеров,male,+79409807843,michaelwood@rice-wyatt.com,778,46
Алевтина,Меркушева,female,+79383371989,hawkinsanne@hotmail.com,80,21
Лазарь,Захаров,male,+79245473115,qtorres@simmons.org,967,2
Ульяна,Власова,female,+79959335885,erica47@hotmail.com,201,51
Дарья,Щербакова,female,+79629130367,uvazquez@hotmail.com,525,51
Нинель,Никитина,female,+79537783724,shelby33@gmail.com,323,2
Сократ,Волков,male,+79323112869,vzavala@jackson.net,768,21
Валерий,Маслов,male,+79364848820,powellregina@calderon-jefferson.com,643,39
Юлия,Гурьева,female,+79504036160,ltaylor@gmail.com,629,17
Виталий,Шубин,male,+79385212889,pmcdonald@yahoo.com,133,10
Прасковья,Алексеева,female,+79554686134,williamstokes@dunn-suarez.com,412,11
Аникей,Котов,male,+79238544080,jacobstammy@yahoo.com,855,9
Аникей,Котов,male,+79573080654,sgomez@gmail.com,64,41
Валентин,Рожков,male,+79542946552,benjamin96@gmail.com,502,42
Самсон,Силин,male,+79457571060,eric28@gonzales.org,952,57
Екатерина,Горбунова,female,+79902633653,dawnmurphy@white.biz,15,58
Панкрат,Ершов,male,+79132569061,baileyacosta@garcia-george.org,241,2
Ермолай,Михеев,male,+79085083374,jonesstephanie@gmail.com,771,46
Панфил,Юдин,male,+79785694132,erikacarter@yahoo.com,559,1
Пелагея,Кудряшова,female,+79456146635,smithgary@may-gutierrez.com,491,3
Любовь,Кириллова,female,+79360873090,nortontimothy@estrada-payne.com,979,44
Емельян,Дроздов,male,+79480327014,josephkara@gmail.com,169,1
Егор,Игнатов,male,+79394679887,ojordan@lewis.net,529,39
Селиверст,Максимов,male,+79731680359,robertskimberly@bright.net,181,54
Нина,Быкова,female,+79461920922,leonardrobert@yahoo.com,37,44
Назар,Лобанов,male,+79836625155,christopher36@yahoo.com,500,17
Лора,Тетерина,female,+79380052416,christophermarks@gonzalez.net,36,1
Елена,Фомичева,female,+79562387435,megannoble@harris.biz,693,14
Иларион,Котов,male,+79818145638,qroberts@yahoo.com,255,1
Ксения,Красильникова,female,+79368585318,cchandler@golden.com,243,51
Анатолий,Бобров,male,+79913178468,daniel36@wilson.com,747,25
Октябрина,Волкова,female,+79600810273,casey10@mcbride.com,424,41
Виталий,Васильев,male,+79605229366,davidgreen@williamson.com,504,46
Аскольд,Горбунов,male,+79147754441,pachecomeghan@silva-lewis.com,300,30
Мартьян,Меркушев,male,+79625374801,nicholascalhoun@rivera.org,227,44
Нина,Соловьева,female,+79102083423,wisematthew@wilkerson.net,30,52
Дарья,Беспалова,female,+79087448482,hharris@adams.net,264,43
Раиса,Морозова,female,+79242997222,shawn76@gmail.com,554,1
Валентина,Осипова,female,+79431265851,wschaefer@yahoo.com,779,23
Сильвестр,Давыдов,male,+79861955001,christopher70@allen.com,511,31
София,Лихачева,female,+79637150072,nbowers@hotmail.com,164,56
Прасковья,Алексеева,female,+79235890196,douglasfigueroa@may.com,633,16
Кондрат,Богданов,male,+79030157154,greenrobin@hotmail.com,247,17
Емельян,Дроздов,male,+79290031686,krivera@black.com,835,28
Зинаида,Кузнецова,female,+79369389861,dustinknapp@gmail.com,473,2
Фёкла,Архипова,female,+79951793237,ucooper@gmail.com,372,39
Агата,Авдеева,female,+79561743737,jonathanperkins@nash.biz,699,52
Зинаида,Фомина,female,+79901052368,paigepeters@lee.com,710,20
Ия,Федорова,female,+79091733076,ralph78@brooks-burns.com,66,36
Тамара,Прохорова,female,+79861385008,micheleyoung@gmail.com,641,19
Алексей,Пестов,male,+79067673792,kyle93@hernandez.com,331,1
Богдан,Миронов,male,+79688737675,wbrown@watts.com,663,1
Фрол,Пономарев,male,+79303409381,sbrown@hotmail.com,679,24
Анатолий,Бобров,male,+79842820666,bowens@hotmail.com,464,9
Евпраксия,Симонова,female,+79177384220,qmiller@obrien.biz,293,1
Харитон,Крылов,male,+79364809323,charlesharmon@yahoo.com,965,2
Артемий,Лихачев,male,+79277888748,laurakane@jacobs.com,242,14
Ермолай,Михеев,male,+79881192795,clayton83@wong.com,912,34
Елизавета,Маркова,female,+79501873000,parkernancy@moody.com,506,40
Мария,Соколова,female,+79141187289,fcombs@johnson.com,41,1
Агап,Фомин,male,+79455590320,johnsonlawrence@gmail.com,132,14
Акулина,Крылова,female,+79340162609,dianawilliams@yahoo.com,615,9
Нина,Быкова,female,+79527281828,michaelleon@yahoo.com,206,54
Людмила,Константинова,female,+79711086761,robertholmes@davis-flores.com,763,50
Вероника,Красильникова,female,+79592080501,danielvalencia@smith.net,890,9
Дмитрий,Журавлев,male,+79132524750,jonathan64@carr-lee.com,207,37
Жанна,Владимирова,female,+79303409611,vargasangela@hotmail.com,703,44
Викентий,Беляков,male,+79438585328,kaylahill@hotmail.com,743,15
Прасковья,Макарова,female,+79554114603,davislisa@gmail.com,417,51
Иванна,Анисимова,female,+79497799286,travisjames@thompson.biz,37,43
Наталья,Терентьева,female,+79979493642,aburke@gmail.com,645,28
Акулина,Веселова,female,+79478000133,priceelizabeth@smith-smith.com,814,21
Всемил,Евсеев,male,+79419393470,michaelwendy@hotmail.com,486,31
Капитон,Игнатов,male,+79924086845,olsonrandall@yahoo.com,621,2
Нонна,Лапина,female,+79558734234,fernandorios@schroeder.com,421,45
Всемил,Королев,male,+79234022981,lopezkimberly@yahoo.com,621,34
Савва,Потапов,male,+79633149328,zbryan@hotmail.com,196,36
Феоктист,Красильников,male,+79754451462,reneegonzalez@gmail.com,235,44
Ия,Кабанова,female,+79605220183,valenciajohn@butler.com,253,41
Якуб,Куликов,male,+79887174557,garnermichael@yahoo.com,557,38
Аркадий,Беляков,male,+79191974515,george77@solis-russo.biz,217,44
Алина,Фролова,female,+79900313687,jermainestark@branch-anderson.org,89,32
Зинаида,Горбунова,female,+79340074218,thomasderek@yahoo.com,710,43
Жанна,Константинова,female,+79919062282,brittany99@bradley.biz,473,10
Нестор,Кононов,male,+79001723302,shannon03@gmail.com,395,51
Софон,Чернов,male,+79196893584,fcunningham@boyd-kelly.com,809,41
Тарас,Попов,male,+79421880670,watkinsheather@mejia.com,937,46
Юлия,Беляева,female,+79652246228,nwilson@gmail.com,299,2
Фотий,Гаврилов,male,+79113477800,flopez@gmail.com,117,25
Ксения,Красильникова,female,+79430630009,jeremy45@hotmail.com,384,13
Трофим,Горбунов,male,+79302321328,brycemartin@gmail.com,109,55
Филарет,Суворов,male,+79739144659,lutzjo@yahoo.com,75,54
Эдуард,Горшков,male,+79610622533,jillboyle@yahoo.com,287,56
Оксана,Ефремова,female,+79051185658,gonzalezchelsea@yahoo.com,183,38
Нина,Блохина,female,+79926663629,hmoss@ryan-gallegos.info,740,48
Сергей,Соболев,male,+79490513552,misty64@dennis.com,401,13
Фрол,Зиновьев,male,+79635139503,vsingh@gmail.com,538,58
Виктория,Давыдова,female,+79039989999,martintodd@wells-cook.com,31,6
Всеволод,Поляков,male,+79830388714,lewissean@campbell-white.com,543,26
Виктория,Данилова,female,+79148813155,stephensonlaura@jones.com,761,33
Регина,Дементьева,female,+79675369212,zdeleon@hotmail.com,340,20
Аполлон,Голубев,male,+79207940894,molinadebra@yahoo.com,212,53
Рубен,Федоров,male,+79179703837,brianna60@yahoo.com,172,8
Мария,Ильина,female,+79203937509,allenmichael@garcia-oliver.com,329,26
Данила,Гаврилов,male,+79097500721,browngeorge@hotmail.com,722,12
Таисия,Кудрявцева,female,+79593113802,kgallagher@gmail.com,431,42
Евпраксия,Алексеева,female,+79662734161,mbarnes@schultz.biz,501,11
Лукия,Исаева,female,+79223008083,elizabethbishop@yahoo.com,818,35
Лариса,Шашкова,female,+79258024910,scottmoore@hotmail.com,595,1
Таисия,Силина,female,+79938109546,roachcharlene@mcdowell-smith.com,811,41
Татьяна,Ширяева,female,+79042235600,tammy48@padilla.com,460,19
Трофим,Горбунов,male,+79671177265,rita70@nunez.com,538,30
Нонна,Зимина,female,+79311301621,jackie08@gmail.com,210,15
Агап,Блохин,male,+79741629244,hcunningham@yahoo.com,888,1
Ефрем,Симонов,male,+79173046374,hharris@gutierrez.biz,793,56
Светлана,Виноградова,female,+79250289106,djordan@reyes.com,700,14
Каллистрат,Кабанов,male,+79913476852,zcrawford@gmail.com,589,2
Борис,Миронов,male,+79091134557,matthewschmidt@gmail.com,279,36
Милан,Данилов,male,+79114702232,robert55@yahoo.com,624,54
Валентин,Дмитриев,male,+79239616603,uscott@yahoo.com,532,30
Игорь,Тимофеев,male,+79955389922,jerryturner@hotmail.com,769,25
Нифонт,Дорофеев,male,+79624013651,jessica43@ortega-jacobs.com,526,36
Вацлав,Быков,male,+79230509848,thomashenderson@hatfield.com,383,56
Наум,Доронин,male,+79869245308,robertslori@yahoo.com,654,24
Ангелина,Брагина,female,+79893647105,serranorichard@yahoo.com,340,36
Ульяна,Владимирова,female,+79939819825,john76@hotmail.com,77,11
Назар,Носов,male,+79625234316,pdavenport@yahoo.com,141,2
Маргарита,Сергеева,female,+79504731825,gonzalezkirk@shea.com,465,39
Евфросиния,Соколова,female,+79514864592,kevin22@gmail.com,658,53
Лукия,Исаева,female,+79252770284,nicholasnichols@hotmail.com,695,1
Артем,Устинов,male,+79892132982,william56@yahoo.com,377,44
Силантий,Кудрявцев,male,+79851750876,dmartinez@gmail.com,654,34
Агафья,Ефремова,female,+79935823338,samuelanderson@yahoo.com,556,46
Зинаида,Орехова,female,+79772703470,veronica29@lozano.org,396,47
Твердислав,Лебедев,male,+79436885332,joseph96@yahoo.com,127,19
Матвей,Егоров,male,+79891954153,james19@morris-smith.biz,61,24
Милий,Лебедев,male,+79578918224,dennisrebecca@stewart-figueroa.com,802,42
Каллистрат,Кабанов,male,+79432880377,thomas53@gibbs.biz,523,50
Алла,Ершова,female,+79047620707,woodardryan@moore.com,908,5
Эмиль,Ситников,male,+79875084368,kenneth23@gilmore.info,32,40
Ульян,Мартынов,male,+79520648967,nicole07@yahoo.com,268,42
Мариан,Ситников,male,+79313643080,michellewalker@yahoo.com,251,9
Ладимир,Гришин,male,+79574208915,henrypatton@yahoo.com,689,32
Евфросиния,Артемьева,female,+79920958315,brittany52@yahoo.com,6,48
Лора,Прохорова,female,+79446721480,bradleyrivera@bass.info,782,1
Егор,Нестеров,male,+79759319858,xjohnson@gmail.com,219,13
Глафира,Блинова,female,+79792357372,angelamiller@gmail.com,501,12
Нонна,Зимина,female,+79895941557,charles13@sanders.com,121,44
Илья,Юдин,male,+79807732478,laura52@rojas-thornton.com,697,38
Нонна,Зимина,female,+79535001187,tzavala@gmail.com,384,27
Прокофий,Степанов,male,+79577929083,austin62@hotmail.com,912,13
Дементий,Устинов,male,+79798648701,jennifer77@brown.net,173,38
Жанна,Воронцова,female,+79911772724,ppeterson@gmail.com,241,20
Нина,Блохина,female,+79851581153,cassandramiller@ayala.biz,105,17
Сидор,Красильников,male,+79568125342,clarkrandy@yahoo.com,970,1
Акулина,Веселова,female,+79289495150,rebekahpearson@yahoo.com,778,1
Галина,Филиппова,female,+79113272811,hsmith@hotmail.com,177,52
Харитон,Ларионов,male,+79604412291,erik17@gmail.com,186,49
Трофим,Потапов,male,+79021900805,mwilliams@hotmail.com,569,2
Октябрина,Архипова,female,+79105765149,davidconnie@yahoo.com,132,19
Варлаам,Сергеев,male,+79083178363,whitejennifer@holmes-aguilar.com,626,1
Лариса,Якушева,female,+79517014895,bethallen@yahoo.com,234,18
Елизавета,Осипова,female,+79161678354,lisa40@yahoo.com,926,15
Анжела,Захарова,female,+79208030410,edwardsmichael@serrano.net,112,22
Мартьян,Зайцев,male,+79123665238,abradford@bowman-johnson.net,704,44
Лора,Зыкова,female,+79012833751,jonesdebra@johnson.com,164,14
Олег,Осипов,male,+79138589559,christinahaynes@reed-parsons.com,877,13
Кира,Бурова,female,+79609481283,alexander44@gmail.com,766,19
Валентина,Аксенова,female,+79279586528,wgamble@yahoo.com,109,53
Ульяна,Николаева,female,+79763014073,andrewsoto@mcdonald-brown.com,297,27
Милован,Попов,male,+79999056897,vhicks@hotmail.com,135,3
Марфа,Селезнева,female,+79365684848,michelleclark@crawford.net,796,31
Ангелина,Кабанова,female,+79982806912,osaunders@king-brewer.com,12,9
Евпраксия,Киселева,female,+79802735173,gavinpatel@yahoo.com,915,13
Синклитикия,Сафонова,female,+79338939573,jasononeal@barrett.org,661,23
Валентина,Некрасова,female,+79353030765,lori81@yahoo.com,692,36
Арефий,Пономарев,male,+79314696941,jamesgarcia@gmail.com,681,39
Порфирий,Белов,male,+79676341813,adriennegarcia@hickman.info,539,49
Алина,Воронова,female,+79878668967,jason12@yahoo.com,737,45
Потап,Суханов,male,+79293252296,christine31@wells.org,520,7
Глафира,Медведева,female,+79165104146,amandamiller@sanders.com,137,31
Вера,Федорова,female,+79158147185,woodardkristi@johnson-lopez.com,807,3
Алла,Бурова,female,+79529027827,markfuentes@yahoo.com,79,38
Марфа,Гаврилова,female,+79240977783,alex63@king.com,630,53
Алина,Воронова,female,+79319995126,joseph97@hernandez.net,355,7
Пров,Воронов,male,+79170502089,burkeamanda@little-walker.com,634,36
Оксана,Симонова,female,+79653680291,jessica20@gmail.com,678,54
Лариса,Шашкова,female,+79658172894,meadowsnathaniel@howard.com,312,39
Устин,Кузьмин,male,+79096216084,taylorcassandra@nelson.com,658,34
Владислав,Соболев,male,+79502574793,omendoza@gmail.com,935,49
Анжела,Шилова,female,+79594192889,btate@yahoo.com,727,45
Евфросиния,Артемьева,female,+79351979013,duncanaaron@burgess-murphy.org,620,12
Иванна,Пономарева,female,+79830102710,shelbylucero@gmail.com,626,2
Алла,Князева,female,+79751023166,zpham@gmail.com,852,37
Зосима,Воробьев,male,+79819850922,stephanieschultz@allen-smith.info,821,38
Аскольд,Цветков,male,+79834992399,nicholas73@york.com,847,41
Конон,Буров,male,+79394002674,jose24@gmail.com,867,38
Ольга,Рыбакова,female,+79624603336,cmendoza@hotmail.com,343,36
Савва,Потапов,male,+79647822400,barnesandrew@yahoo.com,213,4
Митофан,Селиверстов,male,+79474267921,dosborne@gray.com,58,53
Полина,Маркова,female,+79888693169,carrieedwards@hotmail.com,864,57
Татьяна,Беляева,female,+79365975126,anitagreer@yahoo.com,111,20
Агап,Фомин,male,+79609362108,ubruce@williams.net,521,28
Евпраксия,Симонова,female,+79759957811,dancannon@yahoo.com,331,22
Ладимир,Гришин,male,+79020433983,wheelerkyle@gmail.com,412,13
Надежда,Маркова,female,+79493813575,griffinchristina@gmail.com,845,29
Пантелеймон,Филиппов,male,+79240893035,andersonjoseph@mcgee-martin.com,946,31
Филарет,Суворов,male,+79593222004,hlee@hotmail.com,179,23
Соломон,Лебедев,male,+79540441718,nelsonwilliam@yahoo.com,361,6
Агафон,Шестаков,male,+79178762428,myoung@yahoo.com,444,51
Елена,Попова,female,+79798405943,patriciacochran@powell.com,486,10
Рубен,Устинов,male,+79550290071,sellersmelissa@baker.com,795,33
Елена,Фомичева,female,+79843180805,tiffany43@mitchell-lopez.biz,476,20
Лариса,Попова,female,+79844864470,richard27@davis.com,146,37
Пелагея,Козлова,female,+79119728625,ihill@hotmail.com,973,17
Мина,Кошелев,male,+79761535718,phillip67@hicks.net,586,28
Ипполит,Щербаков,male,+79517426499,omeyers@yahoo.com,337,1
Евпраксия,Маслова,female,+79156857094,collinsdavid@gmail.com,105,16
Игорь,Крюков,male,+79901244876,rivasjessica@hotmail.com,845,56
Милица,Князева,female,+79371590413,rachel88@hotmail.com,412,46
Лидия,Самсонова,female,+79702835678,jonesdustin@yahoo.com,308,15
Нина,Максимова,female,+79912337373,ljimenez@young-lee.com,483,12
Клавдий,Исаков,male,+79556857493,katherine35@williams.net,61,41
Клавдий,Веселов,male,+79684889149,ericjordan@hotmail.com,529,27
Наина,Назарова,female,+79815164389,mitchelldanielle@sullivan.com,245,4
Василиса,Егорова,female,+79511717186,samuel80@gmail.com,46,16
Анжела,Тихонова,female,+79391476107,fbuchanan@gmail.com,24,26
Артем,Устинов,male,+79804485206,donovanpaul@torres.com,946,1
Вероника,Крылова,female,+79857449525,qgonzales@hotmail.com,791,42
Варвара,Макарова,female,+79447715030,bsmith@yahoo.com,804,19
Фёкла,Архипова,female,+79430589010,william77@hotmail.com,817,9
Амос,Гришин,male,+79211076372,foxjames@sullivan.com,385,12
Мстислав,Савин,male,+79520776347,evanramos@hotmail.com,859,1
Валерия,Тимофеева,female,+79312209409,oflores@gmail.com,442,20
Устин,Кузьмин,male,+79958070391,erin38@hotmail.com,135,44
Пантелеймон,Антонов,male,+79508353713,nelsonscott@holland.net,669,39
Дмитрий,Абрамов,male,+79783185667,susancalderon@adams.com,932,26
Эмилия,Носкова,female,+79550906379,cunninghamlaura@williams-juarez.org,306,4
Надежда,Михайлова,female,+79385619631,saunderslisa@french.com,337,49
Марфа,Орехова,female,+79329483575,ortizthomas@wheeler.net,587,1
Авксентий,Цветков,male,+79576862398,yolandarice@perez.com,909,2
Август,Беспалов,male,+79262192629,hoffmanmiguel@ramirez.com,873,12
Дмитрий,Никифоров,male,+79586088894,bcole@yahoo.com,747,6
Милан,Данилов,male,+79712489530,earlhodge@howard.com,589,2
Еремей,Гаврилов,male,+79455568147,christinemccarthy@hotmail.com,660,47
Егор,Нестеров,male,+79478128951,kjohnson@johnson.net,676,2
Анатолий,Бобров,male,+79794051901,jay28@gmail.com,825,1
Глафира,Медведева,female,+79831698500,davidsonarthur@johnson.com,407,58
Лариса,Новикова,female,+79475260164,nicholasmalone@hotmail.com,597,19
Агафья,Назарова,female,+79949202005,vanessamiranda@weiss.com,136,41
Таисия,Устинова,female,+79935494762,scottmartin@hotmail.com,437,47
Никифор,Рябов,male,+79600929874,kstanley@taylor.com,379,32
Оксана,Фадеева,female,+79249776491,nicolehenry@gmail.com,243,28
Анжелика,Гущина,female,+79044312322,halledward@ray.biz,928,1
Лариса,Шашкова,female,+79946708058,scottkristi@norris-dixon.com,564,1
Аггей,Мамонтов,male,+79314800316,hglass@gmail.com,61,25
Данила,Гаврилов,male,+79465041469,maldonadowilliam@miller.org,613,43
Александр,Комиссаров,male,+79743891441,grahamjean@baker-gross.org,621,1
Нина,Максимова,female,+79051997904,nmccoy@hotmail.com,72,10
Варвара,Костина,female,+79008811277,tammy57@jones-wilson.info,489,52
Валентин,Дмитриев,male,+79452900402,taylorkyle@matthews-rogers.org,627,58
Наталья,Федосеева,female,+79773190919,jordanandrew@yahoo.com,202,1
Светлана,Виноградова,female,+79712652843,carterkathleen@gmail.com,514,38
Любим,Степанов,male,+79730521195,alexismartin@allen-howard.com,747,50
Зоя,Одинцова,female,+79916314604,anthony14@anderson-holmes.com,666,1
Аникей,Герасимов,male,+79682450008,dbauer@hotmail.com,467,36
Пантелеймон,Филиппов,male,+79573050146,glenda11@alvarez-sanchez.com,323,26
Сократ,Волков,male,+79908239509,woodsmary@ali-lewis.com,145,49
Нестор,Захаров,male,+79222623371,timothy25@black-stein.com,332,29
Милий,Емельянов,male,+79866235002,terrence98@wagner.biz,269,35
Спартак,Королев,male,+79735217937,nancy92@yahoo.com,438,15
Пелагея,Степанова,female,+79155414822,jasonwagner@gmail.com,665,46
Жанна,Воронцова,female,+79441390979,ayoung@reeves.biz,77,56
Азарий,Кулаков,male,+79050659192,jefferydowns@gmail.com,311,15
Клавдия,Харитонова,female,+79342366108,michelle15@thompson.com,534,37
Нина,Быкова,female,+79727207430,fgibson@gmail.com,830,1
Нина,Суханова,female,+79348432276,smithcindy@gmail.com,992,11
Синклитикия,Герасимова,female,+79573144535,ambermiller@davis.com,646,49
Тамара,Елисеева,female,+79066383835,douglasmartinez@yahoo.com,811,41
Елизавета,Осипова,female,+79825862623,ashley05@hotmail.com,292,2
Рюрик,Гусев,male,+79969585149,brittany61@yahoo.com,845,2
Селиверст,Максимов,male,+79268888156,moralesbrenda@gmail.com,701,49
Лукия,Силина,female,+79120362829,brittney43@gmail.com,121,1
Анна,Лебедева,female,+79537064957,sarahvaughn@bennett.biz,569,20
Панфил,Юдин,male,+79024959443,ywallace@chapman-frye.info,881,58
Синклитикия,Лаврентьева,female,+79215535085,jacob08@lucero.net,180,1
Марфа,Орехова,female,+79838941067,brett76@yahoo.com,17,25
Нина,Тетерина,female,+79655956992,jennifer27@gmail.com,516,30
Евфросиния,Егорова,female,+79242357680,georgewoods@ruiz.com,781,53
Сократ,Волков,male,+79831745443,romanpaula@peters.biz,829,2
Валерьян,Гущин,male,+79553893495,derrickwhite@gmail.com,104,2
Регина,Дементьева,female,+79564444737,denise52@brown.com,230,53
Ия,Никонова,female,+79680898136,henry34@hotmail.com,155,18
Каллистрат,Шашков,male,+79236571790,henrymendez@horton-davis.com,44,35
Зинаида,Кузнецова,female,+79790619102,kristen03@yahoo.com,199,54
Елизавета,Мясникова,female,+79796713510,josephlong@gmail.com,679,1
Панкратий,Щербаков,male,+79288580408,harpercharlene@aguirre-hall.com,514,4
Еремей,Гаврилов,male,+79328360789,wmiller@hotmail.com,775,25
Надежда,Аксенова,female,+79822145259,waltonjustin@cuevas.com,523,2
Антонина,Дмитриева,female,+79621018458,angelacampbell@yahoo.com,399,20
Дарья,Щербакова,female,+79451590525,tnielsen@mosley.com,849,10
Любовь,Емельянова,female,+79137309159,davisadam@yahoo.com,111,5
Виктория,Дроздова,female,+79263593726,qmartin@phelps.biz,33,23
Валентина,Осипова,female,+79193176956,oscar88@flores.biz,83,29
Виктория,Рыбакова,female,+79059750633,garnerjason@bryant-white.com,996,36
Фадей,Пахомов,male,+79296835326,danielreilly@gmail.com,915,12
Ювеналий,Богданов,male,+79423086392,randy33@harrison.com,51,52
Евфросиния,Шарова,female,+79577225073,jennifer20@dean.com,680,28
Алла,Селиверстова,female,+79340393389,dherrera@guerrero.com,640,55
Алевтина,Артемьева,female,+79800257597,ylynch@collins.net,589,43
Велимир,Шарапов,male,+79044122574,xmoss@hotmail.com,188,15
Наталья,Терентьева,female,+79741284821,shane51@yahoo.com,686,51
Никита,Быков,male,+79456628253,julia62@hotmail.com,966,31
Лидия,Самсонова,female,+79861168223,mendezwilliam@gmail.com,469,50
Елена,Филиппова,female,+79885826206,jessicajimenez@leblanc-phillips.biz,103,39
Мокей,Бирюков,male,+79999159702,walkeremily@elliott-alvarez.com,799,39
Светозар,Одинцов,male,+79510178029,gonzalezderek@johnson.com,126,51
Олимпиада,Вишнякова,female,+79548935044,hartmanlee@hotmail.com,622,27
Серафим,Аксенов,male,+79638709075,jamesjuarez@gmail.com,239,35
Рюрик,Колесников,male,+79979114106,xmcpherson@yahoo.com,749,35
Вера,Киселева,female,+79501378584,zacharyflores@yahoo.com,195,1
Якуб,Куликов,male,+79378228448,mitchellbrian@gmail.com,222,1
Елена,Кудряшова,female,+79669998377,cbarnes@yahoo.com,127,50
Ульяна,Миронова,female,+79212328012,stephaniebarnett@parks.com,544,7
Ксения,Красильникова,female,+79314140372,thomasjackson@peterson.com,581,52
Юлиан,Блинов,male,+79446985279,cporter@reid-robertson.net,685,8
Лукия,Баранова,female,+79844841727,twright@williams-brown.com,644,51
Светлана,Виноградова,female,+79066085691,hbest@hotmail.com,357,2
Нонна,Зимина,female,+79395391303,vtucker@yahoo.com,883,25
Агата,Князева,female,+79041707772,kylehuber@curtis.com,910,20
Пахом,Зыков,male,+79758865173,yreynolds@huber-porter.org,708,22
Каллистрат,Елисеев,male,+79207265227,johnsonkaylee@sanders.com,18,2
Людмила,Турова,female,+79762061577,gonzalesnathaniel@baker.org,962,35
Валерия,Гурьева,female,+79530842286,gpatel@yahoo.com,517,30
Анжелика,Гущина,female,+79881079092,abrown@gmail.com,964,47
Бронислав,Кулаков,male,+79482323264,kjones@thomas.info,903,18
Авксентий,Анисимов,male,+79105765092,jamesgibson@frost.com,266,1
Давыд,Кабанов,male,+79129159865,avilabilly@frank.com,351,17
Арефий,Игнатьев,male,+79880084699,davisrachel@hotmail.com,66,28
Оксана,Жукова,female,+79798319919,candice37@yahoo.com,638,6
Аристарх,Орехов,male,+79583349688,kariwoods@yahoo.com,907,1
Татьяна,Давыдова,female,+79189276678,antonio15@russell-hurley.com,215,56
Пахом,Зыков,male,+79679535106,zachary08@gmail.com,464,58
Марфа,Тимофеева,female,+79036928236,wtaylor@gmail.com,560,4
Илья,Юдин,male,+79082995359,alexiskramer@jimenez-peters.biz,334,9
Панфил,Петухов,male,+79586000613,gillbrendan@gibson.com,551,10
Кира,Федорова,female,+79457780413,allenrenee@gmail.com,792,29
Дмитрий,Журавлев,male,+79604366359,yrivera@yahoo.com,714,43
Пелагея,Максимова,female,+79030033566,matthew75@nichols-carter.net,415,41
Зосима,Суханов,male,+79167275109,linda38@scott-black.biz,804,32
София,Лихачева,female,+79758862455,brownlinda@mcdonald.com,33,13
Валерия,Гурьева,female,+79478863067,umoore@hanson.com,215,20
Феврония,Соколова,female,+79233626739,deannagutierrez@gmail.com,76,33
Анжела,Давыдова,female,+79081941033,justin73@woods.org,962,3
Владислав,Кулагин,male,+79150926706,omartinez@gmail.com,471,57
Юлия,Максимова,female,+79345820087,kevinfrost@hotmail.com,222,32
Илья,Юдин,male,+79558459858,steven45@jordan.info,637,28
Тимофей,Алексеев,male,+79217102062,charles07@bishop.com,620,19
Аскольд,Горбунов,male,+79749554482,andreamanning@mccoy.net,237,38
Ольга,Кондратьева,female,+79008863725,heatherjones@gmail.com,271,1
Мартьян,Меркушев,male,+79874667468,kristawelch@yahoo.com,51,38
Фотий,Смирнов,male,+79406911813,andersendaniel@cuevas.org,25,36
Алексей,Пестов,male,+79682253700,hdennis@weeks.com,301,33
Наина,Терентьева,female,+79300647931,asmith@cooper.com,512,14
Пантелеймон,Антонов,male,+79401494617,johnsonalice@hotmail.com,183,25
Дарья,Кондратьева,female,+79152841003,stewartjorge@hotmail.com,904,52
Жанна,Константинова,female,+79070955812,rachel83@vargas.org,130,5
Родион,Большаков,male,+79516876820,jonesandrea@phillips.com,958,38
Прасковья,Макарова,female,+79866369460,briggsstephen@yahoo.com,311,40
Кира,Федорова,female,+79808669033,michael94@gmail.com,658,45
Макар,Воронов,male,+79951061545,david76@brown.com,194,4
Вышеслав,Фомичев,male,+79504722191,donald00@stewart.com,989,50
Иванна,Федосеева,female,+79393395114,laurenstevens@hotmail.com,632,44
Варвара,Макарова,female,+79339510680,susanflores@walters.com,377,45
Ростислав,Бобров,male,+79927237369,jasonmills@parker-cobb.com,549,52
Элеонора,Королева,female,+79579033470,kevin82@gmail.com,701,53
Октябрина,Степанова,female,+79078639207,keith99@turner.biz,464,2
Аверьян,Мартынов,male,+79740127594,adamsandrew@gmail.com,220,43
Пелагея,Фомина,female,+79461407486,theresa19@morris.org,708,5
Нонна,Никонова,female,+79692622621,rodneykim@hotmail.com,223,22
Екатерина,Вишнякова,female,+79150852460,fthompson@meza.info,236,35
Аркадий,Беляков,male,+79866904459,ronald78@hotmail.com,413,12
