id,name,category,color,cost
995.990.68,tagg,Dining seating,pink,4999
755.651.70,takometer,Coffee table,light red,3499
948.842.92,panna,Bedspread,sandy brown,13199
718.393.92,kopp,Dressing table,wheat,8999
791.332.85,ordförande,Bedspread,dark green,17099
822.984.21,fårkött,Cabinet,spring green,17399
118.399.40,eftermiddag,Open storage system,orange,19799
402.665.77,tomografi,Blanket,turquoise,13199
997.594.35,slav,Towel,blue,799
836.120.63,leksak,Cutlery,yellow,6899
184.107.63,skrika,Office desk,light cyan,3799
918.997.47,kommersiell,Mattress,light red,18399
747.451.27,nerv,Sofa-bed,dark_red,11599
670.748.12,svälja,Side table,violet red,14699
442.750.85,högtalare,Serveware,purple,13999
857.761.49,firande,Dinnerware,purple,12499
190.232.19,kropp,Kitchen appliance,salmon,13599
128.193.47,avslappning,Accessories,white,6899
550.538.22,nattlampa,Towel,maroon,14899
638.518.58,persika,Pillow,wheat,16099
555.265.78,gurka,Bathroom Sink,turquoise,16699
461.327.83,smärta,Bathroom accessories,turquoise,14599
766.101.78,halvcirkel,Dinnerware,light cyan,17399
853.880.81,dörrhandtag,Wardrobes,blue,4099
749.437.35,jagare,Mattresses,chocolate,2799
849.172.60,mönster,Blanket,red,17499
367.116.28,tjänare,other furniture,sandy brown,17399
130.532.63,förkläde,Kitchen,brown,12599
704.665.89,abort,Bathroom lighting,chocolate,13699
360.305.64,älskare,Dining seating,red,19999
180.279.77,vagnslast,Bathroom Sink,brown,14299
508.844.65,mässling,Clothes organiser,light cyan,1099
100.289.43,känga,Towel,gold,15199
505.852.53,spenat,Coffee table,violet red,10199
276.654.16,patriark,Bed,dark_blue,10499
743.639.93,entusiasm,Dressing table,dark green,18299
410.965.20,plats,Serveware,orange,6799
215.332.71,trampa,Underbed storage,ivory,18699
265.612.28,ebok,Shelving unit,white,14499
987.484.87,ämne,Dining table,white,10399
719.656.75,örn,Bathroom tap,aquamarine,3899
843.979.90,ballongfarare,Cutlery,white,18799
136.340.91,utsöndring,Bedroom lighting,salmon,5599
577.547.59,lagstiftare,Bedding,brown,8799
689.987.99,textur,Bedspread,light red,15399
729.595.18,frys,Food storage,olive drab,3799
670.996.22,promenad,Coffee table,light red,9399
433.472.82,kompetens,Bedspread,pink,4899
131.374.69,skräp,Vanity unit,sandy brown,13799
382.499.17,reglering,Kitchen lighting,white,10699
936.319.57,magväska,Bed,orange,11599
490.322.79,flagga,Bedroom decoration,dark green,8699
199.247.71,behöver,Blanket,sandy brown,4299
100.244.75,utomjording,Shower curtains,blue,11599
402.305.54,kaplan,Wardrobes,light cyan,7999
161.905.20,reaktant,Bathroom Sink,olive drab,5699
239.356.18,ordförande,Bathroom tap,wheat,11499
248.782.38,begränsa,Shower,dark green,18699
228.540.59,existens,Cutlery,dark green,4999
207.146.95,undersökning,Sofa,dark green,18999
389.515.96,brottslighet,Shower,sandy brown,4599
656.155.94,citat,Dining seating,olive drab,5899
613.824.34,biflod,Dinnerware,spring green,7399
661.770.41,tävlings,Mattress,red,4799
512.643.67,fördubbling,Bedside table,wheat,6599
866.210.86,designa om,Cookware,green,3399
437.673.91,dyrkare,Towel,wheat,1499
363.244.70,akustik,Kitchen,silver,15399
257.921.51,gångbro,Curtains,turquoise,14499
636.186.37,mod,Bathroom accessories,violet red,11099
261.701.39,shakedownen,Bedding,aquamarine,4099
571.732.87,himmel,Bed,silver,4599
314.212.45,i går,Food storage,aquamarine,2299
281.722.94,vanilj,Blanket,chocolate,2699
398.199.96,avsky,Dining table,brown,1299
912.309.85,brista,Bathroom decoration,salmon,1499
167.451.15,själv,Kitchen,yellow,15499
262.994.18,kopia,Living Room Lighting,blue,19399
797.565.50,krita,Cookware,salmon,5499
341.349.68,lätthet,Pillow protector,dark green,17599
168.253.38,matsal,Shower curtains,dark_red,16899
401.557.85,framtida,Wardrobes,maroon,2899
682.561.15,temperatur,Living Room Lighting,dark_red,8799
964.608.71,vanligt,Accessories,green,17799
324.220.26,dos,Kitchen appliance,orange,10599
259.813.57,stöd,Blanket,olive drab,12599
703.951.19,grymhet,Shower,spring green,1799
594.511.18,gymnastikskor,Food storage,violet red,3899
343.685.87,gesigpå,Blanket,purple,9399
579.846.88,omedelbar,Shower curtains,white,6299
660.669.14,fe,Sorting solution,spring green,8899
153.721.63,sjukvård,Bathroom accessories,red,7799
108.546.74,kondor,Mattress,sandy brown,8699
702.788.42,riktlinje,Wall shelve,light cyan,12099
665.955.90,beta,Kitchen appliance,light blue,1199
526.116.11,elit,Shower curtains,purple,10499
105.831.90,överlägsen,Bedroom decoration,white,15099
761.754.68,pojke,Bathroom accessories,blue,3399
228.781.59,bulle,Bathroom tap,violet red,6799
636.517.40,tvättbjörn,Wardrobes,red,18099
779.336.45,spärr,Sofa-bed,orange,7999
966.982.65,fotnot,Shower curtains,purple,2599
507.989.40,brott,Cabinet,gray,12199
935.779.74,hätta,Food storage,maroon,8199
665.113.27,faktura,Cabinet,light red,11899
556.152.36,dugga,Bedroom decoration,brown,3299
473.202.56,skor,Bathroom tap,violet red,19699
394.429.40,enhetlighet,Cabinet,maroon,1299
633.346.71,polis,Bathroom Sink,dark green,10699
427.983.74,luffare,Open storage system,yellow,7599
398.326.12,sadel,Towel,pink,2999
183.758.28,mol,Bathroom lighting,gold,10399
889.205.36,ringa upp,Pillow,blue,4699
316.274.66,missförstånd,Dinnerware,blue,1199
306.448.14,pannkaka,Mattresses,blue,17099
321.814.21,frestelse,Open storage system,dark_red,15299
938.684.91,fest,Pillow,brown,4099
573.848.72,flexibilitet,Dining seating,maroon,19299
343.942.40,unge,Bedding,blue,14199
513.197.33,brud,Sofa,salmon,5599
125.159.22,förfader,Dining table,spring green,5099
279.262.11,paragraf,Shelving unit,purple,8599
896.319.41,kupong,Armchair,dark_blue,1699
433.982.30,blomma,Bedroom lighting,pink,3799
712.164.68,anarkist,Living Room Lighting,salmon,12199
664.800.53,namn,Home furnishing rug,silver,599
566.970.71,tionde,Glassware,green,6099
840.302.90,buffel,Towel,turquoise,19899
515.370.54,inkomst,Curtains,red,17899
774.704.74,eremit,Armchair,pink,12899
549.798.57,idrottare,TV Stand,brown,9699
437.516.85,keramisk,Cabinet,white,16499
847.150.41,ransoner,Coffee table,turquoise,2399
278.817.30,sko,Open storage system,red,6999
371.943.52,influensa,Sorting solution,light blue,5099
723.204.62,märg,Blanket,brown,2899
250.519.86,djur,Food storage,white,10199
751.157.18,inspelning,Chest of drawer,black,14399
277.841.32,sätta,Clothes organiser,purple,19299
701.994.10,avundas,Underbed storage,blue,4399
188.715.17,biologi,Towel,blue,9299
764.685.58,ålder,Armchair,light cyan,8299
699.496.74,smärgel,Dressing table,gold,1999
316.305.55,plattform,Shower curtains,white,3099
544.427.94,aladåb,Food storage,green,10999
864.632.83,eremit,Bathroom accessories,black,6999
923.787.73,kuriositet,Sofa,maroon,5299
688.925.94,pressrum,TV Stand,olive drab,18099
835.142.84,hoppas,Kitchen,yellow,3199
564.201.41,öka,Cabinet,light cyan,15099
536.837.92,byggare,Shelving unit,purple,6799
936.696.50,biskvi,Coffee table,turquoise,599
419.141.60,säkerhetskopiering,Pillow,silver,18199
553.712.54,träffa,Serveware,turquoise,599
690.823.78,ångest,Coffee table,dark_red,7999
831.707.49,katedral,Shower curtains,olive drab,1299
555.401.20,grodyngel,Shower curtains,pink,3399
105.959.53,lokalitet,Living Room Lighting,white,2399
536.860.58,överlägsen,Sofa-bed,silver,6499
306.955.70,anslutning,Bathroom tap,chocolate,15899
976.652.58,hingst,Towel,spring green,7699
469.735.78,kongo,Dining table,ivory,2199
614.123.24,gåskarl,Chest of drawer,dark_red,13199
954.360.21,handelsvaror,Pillow protector,silver,3099
689.627.87,sekretess,Coffee table,turquoise,4199
531.100.20,sandrev,Bathroom decoration,red,1099
335.624.36,namn,Pillow protector,turquoise,1699
545.172.52,vakt,Serveware,orange,699
516.694.14,oskyldig,Bedroom storage,dark_red,19399
189.877.30,pekannöt,Bookcase,orange,2499
138.718.29,antenner,Bathroom accessories,sandy brown,12199
239.152.30,samordnare,Pillow protector,gray,4299
481.443.87,livstid,Shower,purple,8299
260.169.94,missil,Pillow protector,blue,899
468.140.18,skrämsel,Bedside table,aquamarine,4999
281.128.96,sammansättning,Side table,violet red,9199
135.952.37,försvagning,Dining seating,green,14099
290.234.49,katakomb,Mirror,orange,18699
709.652.13,sporre,Dining table,gray,4899
886.258.88,uppåt,other furniture,gray,7699
962.626.16,beställnings,Towel,gray,11299
142.437.25,vandrande,Kitchen,aquamarine,15699
346.405.39,norr,Bedroom decoration,wheat,16699
502.174.77,sticka,Curtains,light cyan,13699
367.144.17,sammanhang,Cabinet,sandy brown,3299
536.749.56,motstånd,Media Unit,gold,19199
107.959.41,alm,Clothes organiser,wheat,18299
695.568.32,vide,Sofa-bed,dark_blue,7599
146.495.25,rättssal,Bed,light cyan,16299
517.809.83,bagage,Kitchen lighting,sandy brown,9799
708.780.88,värdefulla,Kitchen,dark green,3899
299.851.62,uppkopplad,Quilt,sandy brown,9099
617.624.55,flickvän,Accessories,blue,16599
311.504.79,hängmatta,Side table,olive drab,1599
463.388.24,sjöflygplan,Blanket,orange,7199
518.325.41,alfabet,Towel,light blue,18499
113.759.25,tele,Kitchen appliance,pink,4099
206.326.56,uppenbarelse,Chest of drawer,gold,3999
714.633.73,paragraf,Dressing table,sandy brown,11999
214.326.75,överläggning,Quilt,wheat,13399
410.963.80,balkong,Armchair,gray,16399
854.654.81,fördubbling,Blanket,purple,5599
394.246.98,skafferi,Side table,sandy brown,15499
560.431.72,honnör,Bathroom Sink,turquoise,1399
941.139.31,gärdsmyg,Coffee table,maroon,13499
215.414.53,fusarium,Serveware,brown,13199
853.171.78,deltagare,Sofa-bed,aquamarine,18599
632.325.34,dom,Shower curtains,dark green,15999
264.504.88,lut,Sofa-bed,gray,11799
728.399.39,arrogans,Cookware,silver,18799
680.716.61,dunk,Sofa,pink,4899
210.119.29,klocka,Sofa-bed,light blue,499
474.968.75,angripare,Dinnerware,chocolate,699
267.949.97,jams,Dressing table,black,15899
729.736.58,keramisk,Home furnishing rug,sandy brown,5899
672.225.29,rekrytera,Bedside table,salmon,14599
266.205.35,helvete,Office desk,maroon,5099
131.699.71,bankomat,Food storage,turquoise,13399
380.793.59,tillbaka,Towel,brown,14399
809.360.69,journalistik,Bedroom decoration,gold,18699
463.105.79,automat,Wall shelve,blue,2699
596.670.89,grunden,Dressing table,purple,499
431.632.57,uppfostran,Shower curtains,red,2299
207.465.50,sjunka,Open storage system,wheat,17599
486.382.85,vilstol,Bedside table,black,899
560.876.34,uppfattning,Bedding,dark_blue,12399
544.189.84,lärare,Cutlery,dark_blue,9199
259.658.36,nätverk,Serveware,dark_blue,12299
767.617.15,spets,Dinnerware,salmon,10699
513.979.58,i korthet,Throw,silver,2199
672.231.42,pannkaka,Open storage system,turquoise,13299
687.464.24,barnbarn,Pillow protector,dark_red,14699
754.966.79,folkmord,Bathroom tap,yellow,19999
783.717.68,andlig,Sorting solution,violet red,16799
269.988.40,piller,Dining table,black,7099
412.510.41,åska,Pillow protector,pink,14299
763.450.13,räcke,other furniture,pink,9999
194.594.60,döma,Bathroom decoration,purple,11399
203.580.31,låda,Armchair,wheat,7799
107.918.43,timjan,Side table,light red,14499
143.964.64,spridning,Wall shelve,silver,14599
663.107.99,godis,Bedroom lighting,white,14099
168.439.25,invandring,Mattresses,dark_red,16099
911.770.18,karaktär,Office desk,dark_blue,10399
575.372.26,bröst,Sofa-bed,gold,19099
424.154.93,sidospår,Pillow protector,violet red,17599
813.756.33,keramik,Dining seating,white,12999
474.832.88,krig,Sofa,blue,18999
642.451.23,lån,Bed,orchid,7699
459.626.95,hastighet,Coffee table,purple,5699
701.316.89,astrologi,Underbed storage,green,5099
235.840.77,lydnad,Kitchen lighting,orange,6299
913.890.56,havet,Towel,dark_blue,11999
367.323.58,inköp,Wardrobes,white,6099
803.631.58,glädje,Curtains,purple,4399
470.464.31,gjutning,Open storage system,dark green,13299
254.562.84,alla,Towel,blue,2399
133.607.41,användande,Bathroom lighting,orange,8899
424.244.52,kapell,Serveware,light cyan,12399
128.267.48,ansiktslyftning,Shower curtains,wheat,12899
644.628.85,överträdelse,Sofa-bed,salmon,8599
407.619.71,slutsats,Bedroom storage,aquamarine,2999
170.646.96,liknelse,Bathroom decoration,gray,12999
837.975.81,kofaktor,Shower curtains,light red,15399
308.271.79,våffla,Kitchen,orange,5099
485.595.67,insekt,Bedroom lighting,gray,6399
834.114.47,käke,Shower,sandy brown,1699
294.877.29,majskolv,Media Unit,silver,11699
267.156.96,ställa in,Cookware,light red,1099
210.969.80,bricka,Kitchen,dark green,12599
861.363.68,grubbla,Bedside table,salmon,11799
227.255.26,rörelse,Accessories,white,11899
746.139.15,knähund,Open storage system,white,18099
317.673.96,entreprenör,Mattress,blue,17099
466.108.36,asfalt,other furniture,wheat,17099
771.940.67,vänta,Dinnerware,orchid,11599
343.251.73,förslag,Kitchen,olive drab,19999
417.757.60,subkomponent,Bathroom accessories,aquamarine,12099
785.810.82,förorening,Bedding,wheat,18899
522.497.40,uppkopplad,Media Unit,dark_blue,10999
923.501.63,kongo,other furniture,green,2699
208.657.37,blåsa,Bathroom accessories,violet red,10199
336.737.20,granne,Kitchen appliance,chocolate,4799
714.777.69,savann,Chest of drawer,yellow,10899
799.138.58,revben,Bedspread,purple,4499
392.282.53,ansträngda ögon,Curtains,white,16899
719.874.25,baseboard,Dining table,dark_red,9599
269.505.18,anpassning,Cookware,yellow,12199
420.778.70,puttra,other furniture,green,7599
642.753.76,båt,Bathroom tap,dark_red,14099
579.846.73,välja,Dining seating,turquoise,18199
628.470.72,morgonrock,Bookcase,light red,19499
834.642.30,bakgrund,Blanket,light red,3099
837.689.89,skytt,Bedspread,turquoise,3499
961.114.92,bläddring,Bathroom tap,purple,4499
418.439.53,företrädare,Bedroom storage,olive drab,7699
272.819.91,ansvarige,Mirror,green,18499
464.578.68,ersättning,Throw,gold,5199
139.833.87,underkläder,Clothes organiser,orange,17299
938.133.56,effektivitet,Kitchen,pink,4099
197.337.56,unik,Kitchen lighting,purple,18799
359.789.73,vattensäng,Coffee table,dark_red,18099
799.986.24,vagn,Shelving unit,chocolate,18099
676.305.48,återbetalning,Chest of drawer,dark green,16599
234.746.38,linfrö,Dressing table,aquamarine,18399
234.461.15,bombplan,other furniture,black,8099
755.948.30,medlidande,Cookware,orange,3299
838.408.93,isolering,Bathroom accessories,orange,10499
295.336.93,grå,Underbed storage,dark_red,10999
425.308.54,flintlås,Mirror,orange,10999
392.929.62,armhåla,Kitchen lighting,gray,15199
206.418.77,sociologi,Glassware,violet red,6199
302.169.17,mänskligheten,Bedroom decoration,silver,799
438.220.44,översikt,Shower curtains,brown,17299
102.813.44,subkomponent,Sofa,light red,10299
357.302.32,korruption,Home furnishing rug,ivory,4699
458.161.32,äkthet,Mattress,light cyan,6399
118.307.70,bakgrund,Mattresses,light cyan,10399
738.993.70,vuxen,Mirror,gold,3299
826.311.69,alpacka,Bedspread,yellow,13499
280.685.20,golv,Cutlery,light red,17199
863.752.22,fraktfartyg,Serveware,light blue,4699
307.763.42,tvättlapp,Food storage,sandy brown,5999
561.635.33,låt,Bathroom tap,dark_red,17399
144.785.70,bön,Kitchen lighting,violet red,19399
207.721.39,brinnande,Mattress,aquamarine,5699
827.224.91,para,Bedding,ivory,13199
207.152.26,babian,Bed,white,6399
825.298.80,puppa,Mattress,green,16999
392.553.55,täta,Media Unit,black,9999
241.936.36,handledare,Bedding,gray,13999
752.230.89,inföding,Bed,violet red,18299
617.619.95,matning,Shelving unit,sandy brown,11399
367.759.93,motorcykel,Vanity unit,red,18299
946.548.44,höja,Living Room Lighting,light blue,17299
527.747.99,trycksättning,Cutlery,ivory,4399
496.877.81,passionen,Cookware,chocolate,11599
290.610.57,jakt,Open storage system,black,2999
431.636.32,pendlare,Dining seating,purple,4099
611.118.41,kändis,Bathroom lighting,sandy brown,9599
827.655.64,intervjuare,Sorting solution,yellow,14399
369.607.65,valp,other furniture,chocolate,15799
110.441.89,krascha,Bed,silver,3999
299.395.84,figur,Cookware,white,11799
470.265.71,haka,Bedding,orchid,19399
438.465.20,diskussion,Wall shelve,light blue,18599
935.466.30,undervikt,Dining table,turquoise,2899
166.222.75,handledare,Cookware,brown,11599
812.923.98,patiens,Underbed storage,aquamarine,16799
807.857.44,över huvudet,Sorting solution,wheat,15899
749.647.37,ätlig,Blanket,salmon,19199
432.774.86,koncentration,Glassware,pink,1999
806.513.47,tandpetare,Mattresses,brown,15999
305.558.97,uppkomsten,other furniture,light red,2999
810.656.53,exfru,Food storage,dark_blue,10899
598.951.58,fiskmås,Cutlery,white,1799
153.878.73,barberare,Sofa-bed,white,14199
297.106.68,strejk,Bedside table,maroon,11699
974.828.78,ursprung,Dining table,pink,16399
346.463.94,höjd över havet,Chest of drawer,orchid,1899
733.234.14,butan,Bathroom Sink,black,19699
786.828.13,asymmetri,Cabinet,violet red,19599
472.946.36,smak,Serveware,yellow,499
665.312.12,sorg,Bedding,light blue,6899
321.551.17,gitarr,Kitchen lighting,maroon,1899
615.641.92,fallucka,Wall shelve,aquamarine,13099
992.811.16,hink,Kitchen lighting,white,5299
324.191.42,skogsbruk,Clothes organiser,chocolate,7599
857.821.40,brist,Living Room Lighting,white,8999
736.564.43,fot,Throw,red,12399
343.913.96,skurk,Armchair,purple,17299
526.635.52,undernäring,Cookware,blue,3199
949.290.23,hosta,Pillow protector,red,7399
742.726.38,färga,Mattress,light red,8599
578.309.78,vakuum,Underbed storage,white,2099
948.479.36,rodna,Dressing table,white,8599
693.265.74,avdrag,Accessories,light cyan,12499
435.889.68,servett,Wardrobes,ivory,5599
902.583.37,flygbuss,Coffee table,green,2299
803.368.29,hoppa,Dining table,violet red,19399
776.888.84,ladda ner,Shelving unit,red,2899
450.182.58,skadedjur,Throw,salmon,18199
915.757.75,midjeband,Bathroom Sink,blue,13299
742.302.83,passera,Sofa-bed,orchid,9099
128.170.37,rekrytera,other furniture,orange,15699
374.133.16,advokat,Curtains,wheat,2999
999.329.36,lunch kött,Cookware,brown,7199
776.584.95,fritid,Kitchen appliance,orchid,3599
839.336.60,muskel,Armchair,light cyan,5299
883.212.92,barnbarn,Bathroom lighting,pink,14099
635.747.23,spottade,TV Stand,blue,1799
406.836.88,skydda,Bedroom storage,dark green,13699
411.408.57,beskrivning,Throw,pink,15399
470.425.94,bärbar dator,Vanity unit,wheat,19299
345.543.36,kväve,Living Room Lighting,silver,10799
862.382.34,överensstämmelse,Wardrobes,aquamarine,10799
991.387.36,elfenben,Dining table,dark_blue,16599
365.378.30,igenkännande,Vanity unit,red,3399
536.780.64,utgåva,Mirror,silver,3199
350.260.71,provins,Curtains,turquoise,8499
417.708.76,livsmiljö,Bed,black,16399
710.242.33,rörig,Bedroom storage,gold,5099
557.138.24,heltal,Vanity unit,gray,12299
901.599.34,minne,Bookcase,light blue,2199
105.396.30,växt,Bathroom Sink,green,899
940.593.44,käraste,Open storage system,white,14899
319.775.72,impuls,Blanket,olive drab,8599
451.986.19,ögonblick,Side table,sandy brown,19799
959.794.91,tomografi,Pillow protector,gold,8999
659.870.48,vegetabiliska,Bookcase,salmon,8999
519.932.60,speldosa,Dinnerware,green,5299
316.923.51,hörnsten,TV Stand,turquoise,18799
850.204.68,bukett,Bathroom tap,white,6299
442.659.59,taktik,Cutlery,dark green,17999
747.567.30,gul,Bathroom lighting,gold,19999
405.393.82,häftig snöstorm,Bedroom decoration,dark_blue,17899
726.990.80,bärnsten,Glassware,dark green,8999
594.859.59,fabrik,Kitchen appliance,wheat,8299
604.526.11,slutpunkt,Bedroom lighting,wheat,6399
416.848.97,försäljare,Shower curtains,orange,18099
107.719.78,snöstorm,Bedroom decoration,green,9499
349.172.76,skafferi,Dressing table,white,2299
499.669.70,balkong,Accessories,yellow,8099
314.151.18,osmos,Office desk,orange,3199
183.947.71,mormor,Sofa-bed,sandy brown,3699
833.732.13,fånge,Bookcase,ivory,1299
139.774.50,konspiration,Bathroom accessories,orange,10099
189.207.13,astronomi,Bed,blue,13999
480.673.36,elev,Bedroom decoration,brown,10499
226.429.25,faktum,Living Room Lighting,orange,1799
485.366.48,omvänd,Pillow protector,pink,17599
338.226.16,samförsäkring,Chest of drawer,light cyan,18799
619.850.36,bålgeting,Bathroom Sink,gray,5299
917.715.82,exempel,Wall shelve,dark_red,15499
108.747.86,åsna,Living Room Lighting,light red,16999
213.686.88,fest,Dining seating,gold,8999
114.562.18,alkov,Underbed storage,sandy brown,6999
492.787.33,eremit,Underbed storage,wheat,5699
268.921.13,medborgare,Dinnerware,orchid,11299
831.623.73,umgänge,Underbed storage,light blue,1399
527.175.10,smygande,Accessories,light cyan,7499
983.741.71,barnbarn,Sofa,wheat,3799
323.796.34,kolon,Throw,gold,19499
420.964.86,soluppgång,Shelving unit,maroon,3599
704.606.21,bo,Wardrobes,turquoise,17699
666.668.11,rytm,Cutlery,sandy brown,13799
543.164.29,faktura,Cabinet,yellow,17299
478.233.67,ledarskap,Office desk,brown,2299
305.700.23,bröst,Shower,light red,5399
465.696.53,ramen,Office desk,dark green,15399
662.425.30,gummi,Towel,ivory,9399
725.573.78,turné,Dining seating,light cyan,5999
445.341.52,torn,Office desk,ivory,10099
355.447.20,bemyndigande,Bedspread,silver,11599
115.177.60,bagage,Food storage,maroon,9799
610.820.83,citat,Towel,turquoise,19699
957.632.69,tecken,Towel,turquoise,5899
682.738.94,otacksam,Wardrobes,maroon,14299
871.161.74,flygplats,Accessories,orchid,9099
672.915.51,tidning,Towel,olive drab,8399
600.817.80,födelsedag,Shower,dark_red,11299
929.616.99,kolon,Bathroom lighting,orchid,17599
685.882.31,korrekturläsare,Bathroom Sink,gold,16599
341.283.37,leverantör,Bathroom tap,wheat,1799
484.673.23,bestickning,Pillow protector,gold,8799
242.892.92,tut,Cutlery,ivory,3199
551.712.18,kil,Wall shelve,wheat,14999
381.101.60,metallurg,Media Unit,white,11599
668.357.45,baddräkt,Bedroom decoration,white,3699
392.604.40,rörlighet,Bathroom lighting,orchid,15899
269.477.99,kalott,Side table,yellow,6799
578.473.87,målning,Bathroom Sink,dark green,18899
514.122.76,härdning,Coffee table,chocolate,999
852.966.89,klänning,Sorting solution,violet red,9199
437.807.55,intressera,Underbed storage,wheat,2099
220.556.16,karaktär,Sofa-bed,dark green,3699
733.898.51,drummel,Throw,wheat,17399
807.312.90,kräkas,Mirror,white,14199
440.130.84,para,Sofa-bed,silver,4199
493.606.74,retuschering,Armchair,gray,10299
535.250.66,kokos,Coffee table,ivory,4899
930.211.92,råttfångare,Kitchen appliance,dark green,14499
366.957.23,elritsa,Bedspread,purple,3699
229.303.26,klan,Glassware,ivory,10999
324.243.91,skrikare,Bathroom decoration,orange,8699
900.770.85,bulle,Sorting solution,gray,1299
738.808.98,exteriör,Bedside table,salmon,1099
465.751.17,häxa,Wall shelve,white,9799
492.965.88,spionera,Shower curtains,maroon,9399
721.517.60,fågelwatcher,Pillow protector,gold,15799
698.697.52,barbiturat,Dining seating,orange,9499
178.448.76,muskel,Underbed storage,yellow,14199
292.162.34,volontär,Bedding,blue,14299
590.449.54,lotteri,Quilt,blue,11899
218.825.20,ägg,Cabinet,green,16699
669.436.53,syntes,Underbed storage,chocolate,18599
724.551.80,procent,TV Stand,black,1599
281.614.88,koger,Dressing table,black,15999
418.209.33,vax,Bedroom decoration,brown,9699
634.750.19,utsikt,Mattresses,dark green,3799
346.447.10,anteckningsblock,Bedside table,yellow,14899
285.849.87,grundsats,Bookcase,dark_blue,5599
597.756.76,veterinär,Curtains,brown,14499
834.374.41,mocka,Sofa,dark green,18599
811.789.32,spänna,Shower,violet red,2499
763.986.43,valnöt,Accessories,violet red,18599
793.289.52,ledstång,Kitchen lighting,dark_blue,16099
737.390.50,pärla,Kitchen lighting,dark_blue,6899
317.879.76,vandra,Bathroom Sink,green,8599
431.841.12,enkel,Dining seating,dark_red,6099
224.926.11,tå,Kitchen,gray,16699
593.360.53,uppror,Pillow,chocolate,9199
796.511.71,konfidentialitet,TV Stand,sandy brown,7899
645.259.73,volym,Shower curtains,spring green,12599
321.394.20,flamma,Shower curtains,black,10699
474.974.32,corsage,Media Unit,black,14899
152.395.86,skog,TV Stand,pink,8899
320.947.94,förändring,Sorting solution,salmon,19499
271.955.63,tidning,Office desk,green,1399
988.565.91,sugga,Dressing table,aquamarine,18299
295.864.99,inskrift,Sofa-bed,wheat,11799
487.119.30,underhållning,Office desk,dark_red,8799
802.629.37,levande,Dinnerware,light red,499
454.809.23,dal,Clothes organiser,green,5099
491.966.47,skiva,Bathroom tap,gray,9399
526.766.42,verktyg,Home furnishing rug,gray,14899
332.406.10,patiens,Media Unit,ivory,8299
184.678.74,rörledning,Cookware,pink,2299
276.954.88,häftig snöstorm,Curtains,violet red,3499
523.195.26,akademi,Mattresses,brown,13999
732.860.62,rabbin,Quilt,sandy brown,13999
318.721.82,ozon,Coffee table,ivory,18699
470.652.39,fot,Office desk,light blue,2299
508.311.87,gråta,Media Unit,yellow,1999
241.586.80,piller,Home furnishing rug,turquoise,4999
268.611.19,undra,Bedroom decoration,turquoise,1499
602.971.28,plånbok,Wardrobes,salmon,9999
624.859.94,spenat,Cutlery,blue,10599
714.978.81,honungsbi,Bedroom lighting,blue,7599
298.856.43,akademi,Cabinet,silver,3499
189.364.97,flygvapen,Sofa-bed,light blue,12799
306.181.41,kakao,Throw,white,5199
866.394.33,konkurs,other furniture,gray,13399
739.338.14,grunderna,Cookware,dark green,6499
454.800.91,anledning,Bathroom Sink,brown,16899
967.834.62,reformera,Home furnishing rug,orange,18699
286.642.15,ekologi,Throw,dark_blue,10999
612.323.14,rörledning,Mattresses,spring green,10199
798.565.98,uthyrning,Food storage,dark_red,3399
103.289.79,ingrediens,Cutlery,black,12499
817.557.20,ben,Mirror,orange,15899
573.582.99,vit,Bathroom decoration,black,9799
172.765.29,peppar,Cutlery,aquamarine,11299
516.554.48,ylle,Dressing table,silver,13099
269.708.15,inspektör,Dining seating,white,5399
180.499.89,bogserbåt,Clothes organiser,salmon,8599
310.747.12,nudel,Throw,turquoise,6499
130.398.16,kreativitet,Wall shelve,orchid,15599
311.664.31,lobotomi,Bedding,light red,5699
561.860.98,dykare,Kitchen lighting,gold,18699
832.531.40,savann,Kitchen,brown,8199
727.294.57,kristall,Bedside table,brown,11499
866.604.81,mastoideus,Bed,blue,3599
873.570.51,stadga,Bedroom decoration,orange,8999
335.745.53,korsfarare,Chest of drawer,violet red,4199
704.764.41,omväg,Pillow,sandy brown,8499
442.517.60,besök,Kitchen appliance,pink,8799
181.633.49,galleri,Dining seating,red,6799
228.470.82,finansiering,Side table,violet red,14699
494.743.93,skapare,Wardrobes,wheat,15499
788.688.48,densitet,Coffee table,sandy brown,16799
822.494.72,pepparrot,Bathroom decoration,ivory,14899
479.709.45,manlig,Clothes organiser,dark green,10199
450.439.93,tut,Dining table,ivory,17899
283.465.80,konstig,Curtains,dark green,17799
925.851.83,vit,Bookcase,orchid,1199
209.669.70,njuta av,Shower curtains,light cyan,4599
305.295.73,klänning,Shower curtains,ivory,17099
903.620.62,gräns,Curtains,dark_blue,4199
620.958.64,vaktel,Bookcase,turquoise,699
293.710.40,slit,Quilt,orchid,18699
524.578.59,rökelse,Accessories,dark green,2799
873.527.48,elfte,Bathroom lighting,orchid,6499
969.304.47,murslev,Dining seating,chocolate,14799
686.152.10,gengångare,Bedroom lighting,silver,9199
780.386.56,lykta,Bedside table,black,3499
408.161.57,återställa,Mirror,wheat,6499
382.589.96,spindel,Cutlery,violet red,3599
203.382.73,biff,Cutlery,green,10499
710.695.19,meddelande,Bedroom lighting,turquoise,11399
223.284.10,bagage,Throw,white,19699
968.812.58,segling,Dinnerware,ivory,12999
755.178.92,rättvisa,Food storage,ivory,4099
728.887.13,något,Bedroom lighting,maroon,17599
800.863.44,gräshoppa,Bedroom lighting,aquamarine,2999
528.219.94,butan,Vanity unit,light blue,3999
757.438.25,korskontaminering,Bedroom lighting,silver,8399
550.317.43,valp,Cabinet,gold,3499
819.845.49,associera,Cutlery,dark_blue,3599
856.277.82,blossa,Vanity unit,yellow,13299
262.844.72,slutsats,Kitchen appliance,ivory,1899
442.840.10,salong,Wardrobes,red,12199
154.730.78,springa,Bedroom decoration,light red,15399
855.776.60,limpa,Shower curtains,light blue,5399
868.118.69,skräp,Bedroom storage,gray,11999
744.882.85,frågeformulär,Food storage,pink,7499
453.554.99,fraktion,Blanket,light blue,13599
248.597.84,kloster,Pillow protector,light cyan,499
855.137.32,förtroende,Wardrobes,orchid,15899
886.919.71,trosa,Dining seating,white,16099
565.523.62,syn,Bedspread,sandy brown,10099
840.265.59,misstänka,Wall shelve,orchid,3699
379.126.86,adress,Living Room Lighting,black,18499
683.884.87,vattensäng,Sofa-bed,white,19999
306.294.64,officiell,Bed,orange,9699
891.138.56,gastronomi,Bathroom accessories,dark green,12099
336.974.51,företag,Curtains,orange,10899
216.980.56,stråle,Wardrobes,yellow,16499
102.593.16,akryl,Bathroom decoration,orchid,12999
343.730.36,skattskyldig,Office desk,white,8099
328.633.77,resultat,other furniture,white,8499
349.863.49,vinna,Glassware,ivory,19699
913.800.93,djungel,Bedroom decoration,ivory,12399
709.909.58,höna,Wall shelve,maroon,13599
937.792.84,passiv,Bathroom Sink,white,14399
447.859.57,kravatt,Shower curtains,salmon,11199
210.474.93,stam,Open storage system,dark green,6399
817.276.52,frekvens,Bathroom Sink,orchid,13099
351.205.18,utter,Coffee table,light red,699
413.145.76,hantverkare,Dressing table,light red,14599
808.829.19,vägran,Dressing table,black,9099
897.160.49,bevilja,Mattresses,green,9099
829.882.61,snöflinga,Bedspread,violet red,1599
483.951.52,murverk,Bedspread,white,18499
154.646.56,sidospår,Shower curtains,spring green,15199
815.850.18,rättegång,Cabinet,light cyan,4099
805.931.42,sökande,Kitchen,silver,5699
148.939.37,stöd,Bathroom Sink,red,7899
307.759.10,brinnande,Bedding,green,16899
577.466.91,komprimera,Blanket,blue,19199
622.806.20,läger,Sorting solution,olive drab,14599
864.661.16,nötkreatur,Cutlery,black,15299
153.418.92,hämnd,Sorting solution,green,11899
578.975.21,utdrag,Side table,red,11599
586.584.83,sväng,other furniture,pink,8899
915.609.32,undervikt,Pillow,purple,16299
876.105.84,kamp,Bedroom lighting,pink,4399
864.556.64,soppa,Sorting solution,red,7899
873.567.26,enkel,Chest of drawer,green,12299
313.749.78,begrepp,Towel,light blue,15799
860.264.10,brandpost,Curtains,light cyan,2499
974.180.94,gräsmark,Bookcase,maroon,19999
832.893.36,får,Underbed storage,olive drab,16499
865.220.98,bankman,Shower,gray,8399
494.994.20,mikrolån,Throw,brown,14499
369.644.18,midja,Side table,orchid,16299
387.203.81,integritet,Cookware,gray,12599
407.794.21,rymden,Shelving unit,red,18099
451.591.56,avlopp,Bedroom lighting,yellow,11999
784.332.11,fiskhandlaren,Serveware,purple,8399
509.884.79,körfält,Bedroom lighting,pink,11399
888.975.97,klämta,Living Room Lighting,light blue,18699
176.811.94,webbplats,Dressing table,spring green,2399
724.215.54,kör,Bed,brown,3199
204.328.52,mest,Wall shelve,pink,7999
561.786.54,ramen,Cookware,blue,11199
533.392.54,praktiker,Clothes organiser,yellow,19499
899.933.34,tolk,Shower curtains,ivory,11499
484.358.83,rådgivning,Bookcase,salmon,16999
938.393.10,giltighet,Dining seating,green,17199
862.180.34,klick,Home furnishing rug,white,12099
669.559.39,jämlikar,Living Room Lighting,light cyan,17099
298.839.49,politiker,Mirror,purple,16499
830.821.20,attans,Kitchen lighting,turquoise,9799
920.965.50,böna,Accessories,chocolate,13999
696.438.23,plats,Dining seating,light blue,12499
390.993.77,staket,Sofa,gold,11099
108.939.23,kanske,Bedroom storage,aquamarine,7699
538.735.70,kök,Side table,gold,5599
590.893.86,kongo,Sofa-bed,red,1199
437.262.51,kostym,Kitchen appliance,blue,5699
495.235.63,värdefulla,Cookware,blue,18599
431.187.89,utsända,Wall shelve,purple,18599
277.186.12,brott,Bedroom storage,silver,15599
355.546.56,unghare,Underbed storage,orange,11799
217.641.23,sugga,Mirror,white,9199
679.467.41,först,Bedroom decoration,ivory,3099
281.544.51,persilja,Living Room Lighting,maroon,4099
228.406.59,repa,Serveware,spring green,10499
830.160.79,visdom,Kitchen,sandy brown,18899
160.716.41,titt,Sofa-bed,light cyan,15899
352.147.95,förståelse,Dining seating,turquoise,16699
827.100.37,dalgång,Wall shelve,brown,15599
958.955.16,rev,Dinnerware,aquamarine,11799
830.629.25,deklination,Bedding,white,1199
859.840.41,sammansättning,Sorting solution,sandy brown,10999
379.125.58,tidvatten,Vanity unit,wheat,10199
917.143.24,ömsesidighet,Kitchen lighting,light red,15899
302.122.41,förhandla,Bedroom decoration,chocolate,1899
140.528.96,sked,Cookware,pink,10099
870.407.73,glädje,Glassware,dark green,14499
415.339.82,huvudstaden,Sorting solution,salmon,18999
568.312.80,katjon,Shelving unit,light red,5199
322.445.53,ställaren,Bedspread,olive drab,3199
132.392.91,gestaltning,Bed,orange,18999
639.246.35,kapten,Serveware,sandy brown,9299
252.846.18,midkurs,other furniture,white,17399
512.812.74,olaglig,Pillow,chocolate,7799
197.154.68,vakna,Kitchen appliance,green,9599
409.926.43,ansvarsfrihet,Vanity unit,brown,7499
704.579.83,kanin,Food storage,violet red,12099
287.613.88,hök,Shower curtains,yellow,9699
345.426.23,beröm,Shower,orange,1099
349.926.38,frekvens,Armchair,chocolate,12799
282.871.14,flingor,Kitchen,gray,16299
486.526.90,ogräsmedel,Shower,green,7799
214.317.54,ögonfransar,Open storage system,purple,15599
374.208.36,örter,Accessories,ivory,9199
563.932.62,relä,Bed,purple,1799
302.188.92,pall,Bathroom tap,black,12499
826.882.73,handledare,Bedroom lighting,pink,2399
660.870.86,anledning,Side table,wheat,15399
521.106.40,effektivitet,Dining table,pink,18999
971.917.68,registrera,Bedroom decoration,orchid,9799
774.189.76,karboxyl,Dining seating,wheat,5999
254.601.65,arbete,Dinnerware,brown,1199
317.587.86,hjul,Bedspread,blue,1399
162.970.18,gemensam,other furniture,light blue,7099
417.573.93,klara,Bedroom lighting,brown,11899
176.863.18,äppleveck,Blanket,spring green,8599
257.999.21,åka vatten skidor,Serveware,spring green,15899
408.546.70,bidragsgivare,Bed,pink,10499
872.302.60,skurk,Accessories,olive drab,17499
493.609.11,sök,Wardrobes,light red,19399
783.565.61,kylskåp,Bathroom lighting,aquamarine,2999
203.191.14,vägtull,Curtains,brown,5299
920.330.42,spänna,Wall shelve,blue,19999
788.832.33,andlighet,Bedding,gold,1999
617.802.16,vikt,Armchair,black,16899
726.847.82,få,Kitchen appliance,gray,12399
460.961.81,biopsi,Vanity unit,dark_blue,14899
517.345.32,träningsoverall,Bed,gold,6599
205.341.58,styvfar,Wall shelve,light cyan,9499
888.228.64,skatt,Bathroom decoration,wheat,2099
734.347.24,vrist,Bedroom lighting,white,13199
474.650.31,homosexualitet,Bedroom decoration,gray,16499
373.623.94,äter,Dinnerware,white,16299
669.899.74,durian,Clothes organiser,red,17999
232.522.99,årgång,Bedspread,light cyan,10599
462.591.13,silver,Kitchen appliance,light red,12899
507.666.67,fastland,Bedding,pink,8399
133.882.38,höja,Sofa-bed,gray,12899
887.376.26,svan,Clothes organiser,sandy brown,12799
111.276.53,dunk,Armchair,light cyan,16899
215.173.69,svinstia,Armchair,spring green,13299
273.521.18,industrialisering,Bathroom accessories,ivory,14499
265.812.94,mitra,Food storage,salmon,10599
226.628.43,mikrolån,Living Room Lighting,light red,4799
865.920.12,dike,Pillow,orange,12799
612.254.14,övervaka,Bathroom accessories,gold,6599
568.598.15,rådgivning,Cutlery,red,17699
216.799.25,lojalitet,Sofa-bed,yellow,1299
868.224.62,flöjt,Bathroom Sink,maroon,15499
732.848.48,pittoresk,Dining seating,pink,9699
532.422.49,folklig,Pillow,turquoise,11899
450.585.62,antropologi,Armchair,maroon,7999
392.108.39,allergolog,Mirror,dark_blue,13199
474.623.58,ladda ner,Open storage system,light blue,6699
301.506.19,vinkel,Cabinet,turquoise,14899
293.664.99,sorg,Bedroom storage,dark_blue,5899
511.351.32,atombomb,Bookcase,spring green,12199
542.882.50,privat,Cookware,orange,2799
665.825.52,lus,Dinnerware,salmon,3999
521.336.22,incitament,Bedroom lighting,brown,17799
752.602.89,tentakel,Dining seating,dark_red,18599
745.132.15,babian,Vanity unit,pink,2799
269.431.67,metabolit,Curtains,orchid,7999
929.130.40,barndom,Living Room Lighting,yellow,6199
182.292.37,rycka,Mirror,white,899
327.543.78,strawman,Sofa-bed,olive drab,1699
945.362.33,missfall,Media Unit,white,999
571.142.51,varaktighet,Coffee table,pink,4399
269.728.59,hirs,Cabinet,white,2999
758.824.89,flingor,Bathroom accessories,yellow,10499
707.822.85,trikåer,Quilt,violet red,15999
656.502.48,industri,Sofa-bed,chocolate,9099
681.653.39,älg,Shelving unit,wheat,17999
903.588.67,härledning,Shelving unit,blue,13299
820.422.63,ozon,Quilt,red,19999
823.352.53,lin,Underbed storage,maroon,1899
736.565.63,hår,Office desk,spring green,5799
390.989.46,vuxen ålder,Cabinet,purple,16999
803.609.88,pojkvän,Armchair,sandy brown,13699
524.884.10,utlåning,Clothes organiser,ivory,2199
886.904.83,ätpinnar,Bedroom storage,maroon,6699
632.436.86,interiör,other furniture,maroon,17999
555.826.81,motgång,Dining table,silver,3699
815.866.38,fåtölj,Sorting solution,black,18299
460.514.13,fängelse,Sorting solution,gray,15999
867.559.97,säkerhet,Shower curtains,white,9699
443.538.88,konspiration,Living Room Lighting,dark_red,15799
924.167.13,samordning,Mattress,olive drab,16999
300.389.13,stad,Wall shelve,gold,6899
349.142.77,ström,Serveware,light red,6699
119.776.60,kreativ,Mattress,olive drab,12799
238.284.32,blixt,Bathroom tap,chocolate,14399
440.186.36,hypotes,Dressing table,light red,7299
869.140.65,glasögon,Bedside table,light blue,7999
552.530.22,invandring,Bathroom lighting,green,17999
654.369.54,bil,other furniture,violet red,13399
509.244.95,strumpeband,Chest of drawer,white,2899
267.871.73,vanilj,Armchair,gray,6299
761.413.60,vräkning,Kitchen,spring green,10399
461.454.22,syskon,Bedroom lighting,gray,3299
754.100.68,svärmor,Bathroom lighting,turquoise,1199
844.936.55,grus,Vanity unit,spring green,1499
324.965.79,vissla,Pillow protector,dark_blue,2399
443.629.68,medvetande,Media Unit,dark_red,18399
824.918.52,rad,Underbed storage,light blue,2599
225.702.17,revaskularisering,Accessories,gray,16399
931.971.58,avlägsnande,Bedroom decoration,gray,5099
103.742.23,omorganisering,Side table,dark_red,11599
321.374.34,projekt,Bathroom accessories,blue,5399
356.322.87,pm,Pillow,olive drab,8699
301.234.15,eldig,Bedroom lighting,spring green,16999
145.794.69,extrem,Towel,orchid,5999
843.854.35,lyx,TV Stand,olive drab,2599
626.506.88,värdshus,Bedding,gray,11099
426.808.75,närvaro,Kitchen,silver,2099
517.279.94,tröja,Towel,maroon,14399
392.256.10,insamlingar,Towel,ivory,1299
994.657.34,rand,Dinnerware,purple,15699
726.107.38,matris,Cookware,green,12399
832.694.43,avvikelser,Kitchen lighting,orange,12799
951.658.89,krönika,Blanket,spring green,17499
523.526.55,litteratur,Kitchen appliance,aquamarine,7299
115.748.94,helgedom,Glassware,sandy brown,11499
401.885.52,gul,Shower,violet red,9599
517.813.92,klämta,Sofa,spring green,3799
789.715.68,bloggare,Vanity unit,gray,17899
173.121.98,utskott,TV Stand,dark_blue,18699
184.300.35,marginal,Wardrobes,spring green,9499
433.591.16,lokalitet,Cookware,orchid,13699
211.455.37,fysiologi,Sofa-bed,pink,8599
697.628.65,maträtt,Bookcase,orchid,13099
617.938.94,arkeologi,TV Stand,gold,1599
162.340.10,kryddnejlika,Bedspread,silver,14199
234.941.46,dykare,Armchair,spring green,11699
721.629.77,baka,Sofa,dark_red,4799
770.857.48,lätthet,Underbed storage,olive drab,6399
688.434.86,klänning,Mattress,wheat,16199
813.931.34,isberg,other furniture,light red,12599
332.281.34,päron,Underbed storage,ivory,14899
955.787.57,bas,Bookcase,olive drab,17199
952.559.21,artefakt,Shower curtains,aquamarine,16499
866.639.51,krav,Dining seating,purple,12499
316.220.76,kolväte,Dining seating,black,18499
236.837.36,hiss,Cabinet,white,18899
737.464.27,försvagning,Pillow,aquamarine,799
178.439.82,utlopp,Vanity unit,maroon,17099
778.563.38,handling,Cutlery,dark_red,13799
845.538.47,spänning,Media Unit,spring green,6199
589.260.38,savann,Open storage system,dark green,6999
995.448.59,näve,Mattresses,light cyan,15099
393.671.15,anledning,Living Room Lighting,ivory,8299
956.783.47,linjal,Underbed storage,white,11099
284.126.23,förtroende,Shower curtains,dark_blue,18599
865.278.48,vakna,Bathroom tap,turquoise,6699
150.694.78,fräkne,Bathroom tap,orchid,9499
180.468.24,kvast,Home furnishing rug,gold,10399
466.942.76,fristad,Bedroom decoration,spring green,13499
541.302.63,jojo,Quilt,olive drab,10599
587.177.20,verktyg,Open storage system,orchid,8599
352.101.76,råna,Living Room Lighting,aquamarine,15899
543.328.77,bultande,Bathroom tap,ivory,19899
699.825.41,komplettering,Home furnishing rug,gold,6299
644.615.47,takometer,Bedroom storage,red,5599
793.627.57,pumpafrö,TV Stand,turquoise,7999
803.972.73,hemisfär,Home furnishing rug,yellow,15899
344.747.68,rasa,Media Unit,olive drab,10899
191.122.57,använda,Bedspread,brown,3099
333.513.70,myra,Curtains,orange,6899
535.419.21,noll,Pillow,silver,1399
377.921.56,platt,TV Stand,purple,4699
593.557.52,spöke,Cabinet,gray,6199
313.625.16,äpple,Towel,purple,999
788.189.26,monopol,Bathroom Sink,sandy brown,2699
391.906.86,trosor,Bedroom lighting,violet red,14999
471.858.42,tvättbjörn,other furniture,brown,16699
418.662.83,trampa,Shower curtains,brown,15499
537.654.28,brotsch,Sofa,dark_blue,11599
107.729.48,fladdermus,Bedroom lighting,gold,9299
737.715.92,utsäde,Bedroom lighting,ivory,2199
743.216.23,antikropp,Sofa-bed,gray,8399
588.872.56,landmina,Living Room Lighting,blue,13399
276.783.92,efterrätt,Kitchen appliance,dark_blue,5499
761.255.82,underskattning,Pillow,green,6399
979.685.31,död,Food storage,salmon,16099
429.667.32,skadedjur,Shelving unit,purple,1099
564.510.39,kajak,Shower curtains,orchid,17899
561.196.14,differentiell,Clothes organiser,turquoise,9099
347.812.10,skurk,Cookware,white,799
475.857.23,hals,Shower,ivory,14199
892.997.49,kräkas,Cookware,gray,16399
359.678.93,handel,Open storage system,silver,15699
762.810.20,dekoration,Kitchen appliance,gold,3799
680.668.91,pingla,Bedside table,chocolate,16199
363.687.34,åsna,Quilt,green,8399
700.934.55,registrering,Towel,chocolate,19999
450.828.61,bön,Cookware,purple,1099
474.675.80,stola,Serveware,orchid,999
663.413.71,tidningskiosk,Wardrobes,purple,19799
851.403.42,internering,Wall shelve,dark green,4799
409.560.97,arkeologi,Bedroom lighting,green,7699
651.752.65,blossa,Underbed storage,red,6399
905.758.57,rapportera,Bathroom accessories,green,19099
426.924.63,mekanism,Chest of drawer,light blue,9499
606.855.16,ekonomi,Towel,dark_red,3599
102.530.74,grodyngel,Serveware,white,2899
826.804.19,introduktion,Kitchen appliance,chocolate,14799
945.348.22,produktivitet,Living Room Lighting,gold,899
307.910.91,utskott,Towel,light blue,12799
981.820.13,schemaläggning,Shower curtains,red,5299
394.284.53,valv,Wall shelve,wheat,11399
187.976.49,skugglåda,Wall shelve,olive drab,7199
845.414.14,databas,Wall shelve,orchid,7799
407.697.34,blåshål,Wardrobes,gray,19799
115.827.11,tro,Bedroom lighting,silver,17699
623.817.29,mytologi,Pillow protector,olive drab,14999
613.682.49,mänsklig,Sorting solution,light blue,16099
612.122.86,översättning,Media Unit,green,16499
455.761.38,fattig,TV Stand,blue,14599
111.589.16,kopia,Sofa-bed,brown,1399
866.837.38,ögonfransar,Dinnerware,black,8499
321.599.76,älva,Curtains,white,8699
519.320.60,växlande,Mattress,orange,10799
228.154.62,utbränning,Quilt,silver,19399
690.310.99,undra,Dinnerware,dark green,16999
871.184.85,brådskande karaktär,Home furnishing rug,dark_blue,13899
346.499.77,tack,Media Unit,orange,9799
637.975.91,kul,Bedroom storage,light red,14099
503.357.10,larv,Vanity unit,spring green,2599
959.154.94,motgång,Dinnerware,sandy brown,5999
404.575.83,gesigpå,Pillow protector,silver,12099
411.391.37,kofaktor,Clothes organiser,pink,5499
613.784.16,vilja,Serveware,turquoise,15799
626.989.19,effektivitet,Bathroom Sink,ivory,8099
507.148.48,flyttblock,Bedroom decoration,violet red,16999
921.128.46,anställd,Shelving unit,black,14899
525.573.79,linné,Food storage,dark_blue,17799
557.160.57,nattliv,Bathroom Sink,dark green,12399
275.199.52,leda,Wardrobes,maroon,7399
483.392.72,avsky,Wall shelve,sandy brown,14599
674.777.93,sjöflygplan,Bathroom decoration,turquoise,10399
453.467.23,nymf,Mattress,yellow,18899
899.164.84,oenighet,Dining table,violet red,5899
219.189.86,slem,Dinnerware,dark_blue,19299
812.620.60,basketboll,Dinnerware,light blue,16099
542.855.78,hattlåda,Underbed storage,orchid,8299
995.827.53,prins,Bookcase,light cyan,599
843.504.67,dela upp,Bedroom decoration,purple,9799
726.429.48,valp,Bedroom decoration,sandy brown,14099
244.823.10,blåsa,Sorting solution,orchid,1299
407.585.17,måltid,Serveware,gold,11499
177.599.71,teori,Serveware,light red,10099
382.707.18,kolla på,Dining seating,gray,9199
163.414.43,skräp,Pillow,red,15999
515.571.78,fördröjning,Food storage,orchid,1299
715.394.25,solsken,Home furnishing rug,brown,18099
409.786.95,patroller,Throw,yellow,12399
462.124.12,pionjär,Home furnishing rug,blue,17599
908.631.39,patroller,Armchair,sandy brown,17699
831.383.90,utställning,Serveware,turquoise,8599
745.791.36,insikt,Bedding,olive drab,799
323.391.56,spatel,Wardrobes,olive drab,4999
581.314.55,resväska,Wardrobes,dark_blue,2399
384.879.67,pappersarbete,Wardrobes,wheat,10399
630.265.38,omsättning,Shower curtains,light cyan,19399
543.924.68,råd,Curtains,ivory,8899
832.202.57,attribut,Bed,gold,5199
434.905.84,gata,Bedding,gold,9699
753.956.22,balett,Serveware,yellow,16299
741.548.66,få,Shower,chocolate,4299
356.906.80,asymmetri,Home furnishing rug,olive drab,8399
245.826.97,peen,Serveware,light red,12699
924.597.77,psykiater,Throw,blue,16699
825.890.26,identitet,Bathroom accessories,turquoise,13199
456.467.75,hålla handen,Blanket,red,2899
974.435.73,natt,Open storage system,chocolate,1399
566.742.96,blöja,Blanket,wheat,15899
547.993.84,vinge,Sofa,pink,17999
276.724.91,barnbarn,Pillow,green,1399
172.594.43,nanopartikel,Sofa-bed,sandy brown,9999
185.426.59,urverk,Media Unit,light blue,2599
549.410.43,elektricitet,Bathroom tap,silver,17699
988.367.29,övervåningen,Bathroom Sink,violet red,8299
195.250.85,hundra,Mattress,maroon,16099
781.518.50,gripare,other furniture,turquoise,19299
753.627.95,observatorium,Open storage system,light red,19199
653.285.50,björn,Clothes organiser,maroon,2899
